review_id,platform,country,date,star_rating,title,text,user_name,app_version,is_crypto
13964782612,app_store,gb,2026-04-16T11:35:23-07:00,5,Brill.,"You can’t go wrong with this card, especially if you travel a lot like I do. Getting the proper exchange rates for currencies is a big bonus",omgouttathisworld,10.125,True
13964726930,app_store,gb,2026-04-16T11:14:22-07:00,5,Elite Application,"Amazing app with so many options and access to Market, crypto. Easy transferring setting up of the accounts ❤️🤍🥳",Sushinronek,10.125,True
13964488221,app_store,gb,2026-04-16T09:46:45-07:00,5,The Best Way to Manage my Money,Great way to exchange currencies transfer to my foreign bank account at the best rates  and great interest on savings mad not to,AlicanteT,10.125,True
13964471280,app_store,gb,2026-04-16T09:40:46-07:00,4,Review,"Revolut is one of the best online banking experiences I’ve had, it’s simple to understand and money transfers and quick and easy, and the point reward system incentivises saving money, definitely a bank I’m staying with",Gossypoo,10.125,True
13963890547,app_store,gb,2026-04-16T06:27:00-07:00,5,Good,Much better than trading212,Teddphil,10.125,True
13963835302,app_store,gb,2026-04-16T06:08:49-07:00,1,dont buy the crypto by revolut,very hi fee,Ashkan Nademi,10.125,True
13963815708,app_store,gb,2026-04-16T06:02:20-07:00,5,Mr,Great exchange in any country,munghani,10.125,True
13963787063,app_store,gb,2026-04-16T05:52:33-07:00,5,It’s amazing,Just get it. Saves an abs fortune on exchange rates and is fun to just tap with its contactless shopping,Big Cathal,10.125,True
13963340673,app_store,gb,2026-04-16T02:59:30-07:00,5,Very happy,"Great service from my Revolut account, super quick transfer from U.K. accounts to Euro account, definitely recommend",pjackso4,10.125,True
13963290550,app_store,gb,2026-04-16T02:35:23-07:00,5,Good bank,Good banking app with crypto features and fast transactions,Regginhanger,10.125,True
13963276339,app_store,gb,2026-04-16T02:28:16-07:00,5,Travel expenses made easier,Simple to change money into different currencies and good exchange rates.,wendyworldwide,10.125,True
13962782044,app_store,gb,2026-04-15T22:03:48-07:00,5,Travelling around the world,I love Revolut in my everyday life. I earn unbelievable rev points! But the game changer is travelling abroad! Revolut gives you the best exchange rates and no charges. Absolutely love my Revolut ultimate card 😍,AmandaO1966,10.125,True
13961674703,app_store,gb,2026-04-15T13:36:29-07:00,5,Best bank,"Best choice I made, it’s amazing when on holiday. ONE BANK THAT DOES EVERYTHING all In one place, gives me options to change the points I’ve built up to use towards hotels vouchers for Amazon ect. When I go away I don’t have to worry about changing money as I just use my card from my normal account as I would in the uk and it exchanges as the transaction goes through. What more do you need from a card. 

The only down side is paying anything in.",Pebbles.OGG.,10.125,True
13961536215,app_store,gb,2026-04-15T12:42:19-07:00,5,Reno Review,"I really like the app, it’s easy to use and the crypto is great too",intcop,10.125,True
13961243711,app_store,gb,2026-04-15T10:55:22-07:00,5,Absolutely amazing,The best bank I have ever used. The features by far better than an ordinary bank on top of the unbeatable exchange rates!,Miki9999,10.125,True
13961084332,app_store,gb,2026-04-15T09:58:32-07:00,5,Kinda Revolutionary imho,"Been using Revolut for a few years now and honestly it’s changed the way I utilise my money, budgets and savings. I’ve tried Metal for a year or two (paid upfront annually) and now trying out Ultra, might be a bit overkill for my needs tbh but I’m on pay monthly so will see how it goes and if it doesn’t work out I’ll just go back to the Metal plan. Overall I’m impressed with the service, few teething issues when I first joined few years back regarding access to the investment platform of the app but I used other platforms for that anyway. Will try investing and crypto on Revolut eventually but for now I’m happy with my setup! I’d say it’s worth trying out to see if it fits your financial needs, go on, give it a go! ;P",Liam James David,10.125,True
13960479896,app_store,gb,2026-04-15T06:36:51-07:00,5,Best bank about.,"Trouble free, easy exchange and ideal for those who work abroad and have a lot of deposits and outgoings for work and leisure etc.",OGcelticda,10.125,True
13959889860,app_store,gb,2026-04-15T02:53:27-07:00,5,10/10 ⭐️,"I’m very much enjoying my banking experience with Revolut Bank! The app is smooth, easy to use, and packed with useful features. Everything from payments to currency exchange works seamlessly. Customer support has also been reliable whenever I’ve needed it. Overall, an excellent service — 10/10!",Juliz1,10.125,True
13959888454,app_store,gb,2026-04-15T02:52:48-07:00,5,Great account,Revolut is a great account for sole traders. I’m really impressed how easy everything is to manage.,TLK1357,10.125,True
13959809028,app_store,gb,2026-04-15T02:14:22-07:00,5,Easiest,One of the best money app I’ve used so far.  Easier to transact on crypto world.,AdeniyiVic,10.125,True
13958734951,app_store,gb,2026-04-14T17:18:02-07:00,5,Scam,"Revolut upgraded me to a Platinum/Gold plan and clearly offered two months of Premium completely free, with no charges mentioned. When I pressed “order card,” there was absolutely NO information shown about express delivery or any £17.99 fee.

After the free period ended, Revolut suddenly charged me £17.99. When I challenged this, they claimed it was for express delivery. This is outrageous and unacceptable, because at no point during the order process was I informed that I was choosing express delivery or that I would be charged £17.99 for it.

This is a hidden charge, and it feels like a deliberate scam. Taking money without clearly disclosing the cost upfront is misleading and dishonest. Customers should not be charged for something they never knowingly agreed to.",Masab1681,10.125,True
13958732431,app_store,gb,2026-04-14T17:16:54-07:00,5,Mr,Revolut just make my crypto accessible in seconds,@akinjofficial,10.125,True
13958313387,app_store,gb,2026-04-14T14:09:54-07:00,5,Perfect,All ok perfect for Crypto and Stock :),Pawel Kolodziejczyk,10.125,True
13958182215,app_store,gb,2026-04-14T13:15:09-07:00,4,Richard,Bit expensive to send crypto to my external wallet,Richiefx4,10.125,True
13958090277,app_store,gb,2026-04-14T12:39:25-07:00,5,Revolutionary!,"The best in crypto fiat exchange!
Travelling is now super simple !
So is banking Trading and shopping!
With inexpensive ways to save to transfer to shop! 
And free insurance etc etc!
What's not to love 
Love this bank !
Has everything at competitive prices and always help at hand!",P8ndor8,10.125,True
13957982148,app_store,gb,2026-04-14T11:58:24-07:00,5,Amazing,"Love this bank, app is easy and using it abroad is fantastic , rate it too anyone oh and rates of exchange are great too",Melky54,10.125,True
13957233652,app_store,gb,2026-04-14T07:37:07-07:00,5,It’s my favourite financial app service,"Great, love the crypto and investing integration . Good savings rates too!",jJay77888,10.124,True
13957109726,app_store,gb,2026-04-14T06:56:44-07:00,5,Great account for everyday and saving,"Amazing account which I use for everyday spending, saving and currency exchange! 
I have recommended to all my family and friends and they also love it. 
I have to accounts for my children which are also free and easy to use. 
I also had an issue when buying something online and the bank flagged the transaction. Everything was sorted the same day and the money was back in my account.",Kaateee92,10.125,True
13956580209,app_store,gb,2026-04-14T03:46:24-07:00,1,Not right 1000£ free per month,I have had looking on all my exchanges this month and I can sum up 500£ but revolut software is calculated wrong 930£ ! It either an error or are they doing this with bad intentions to start charging the fees ! I have spoken to other people and they have same issue ! Better to be transparent than stealing from people pockets,2025smiley,10.125,True
13956475666,app_store,gb,2026-04-14T02:59:12-07:00,5,My main banking app,"Started as a trips wallet, my main banking app now. Competitive interest rates, intuitive interface, fair treatment, unlike some other banks in UK.",Bple92,10.125,True
13956236319,app_store,gb,2026-04-14T00:57:41-07:00,5,Good financial app,"Probably the best bank for Curreny exchange as long as you don’t exchange on a weekend as you end up with a fee not very good with fraud claims, very little help or the ability of talk with customer support.",tomo1957,10.125,True
13955914164,app_store,gb,2026-04-13T22:03:27-07:00,5,Best Bank App,Easy and fast. Definitely the best,Fernando Mourão Vieira,10.125,True
13955780818,app_store,gb,2026-04-13T20:53:48-07:00,1,Appalling service,"Unable to move BTC to external wallets. Punitive daily limits applied. You deal with chatbots, seemingly trained by Kafka. There suggested workarounds can cost thousands. Be careful when trading sudden peaks when you buys and troughs when you sell, always to your detriment, and not at the advertised rate. Very profitable company at the consumers expense.",imr4033,10.125,True
13955579676,app_store,gb,2026-04-13T19:17:24-07:00,5,Great app for crypto to fiat. Good UX,Helps a lot with my day to day expense and crypto to fiat conversion.,owans94me,10.125,True
13954818726,app_store,gb,2026-04-13T13:42:57-07:00,5,The best,"Revolut is one of the best online banks available: fast, reliable, and incredibly intuitive. The app is smooth and powerful, with instant payments, real-time spending control, and seamless currency exchange. Everything works flawlessly. Modern banking done right. ⭐⭐⭐⭐⭐",Fr€nKy,10.125,True
13953933020,app_store,gb,2026-04-13T08:19:03-07:00,5,Brilliant,"Awesome banking app I have my savings, Crypto and spare change with Revolut. You can also use it for your investments it has it all.",Chuckz23,10.125,True
13953506197,app_store,gb,2026-04-13T05:58:41-07:00,5,Works a charm,"Everything from budget management, investing, easy payments, foreign currency exchange and spending while on holiday… honestly one of my favourite apps I use on a daily.",Blargitus,10.125,True
13953484804,app_store,gb,2026-04-13T05:51:11-07:00,5,Great!!,Great exchange rates and flexible!!,S33ntrino,10.125,True
13953125682,app_store,gb,2026-04-13T03:34:17-07:00,5,Crypto,"It’s nice to have crypto, normal cash spending money abroad everything in one place",CJmomin,10.125,True
13952862719,app_store,gb,2026-04-13T01:27:01-07:00,5,Reliability,I can buy crypto currency and is safe and secured.,NNAMDINHO1,10.124,True
13952599692,app_store,gb,2026-04-12T23:04:45-07:00,5,Crypto review,Excellent.,S10ner,10.124,True
13951037917,app_store,gb,2026-04-12T11:30:40-07:00,5,Revolut metal,The best bank I had the best exchange the easiest app to use Love it,Ciprianpozna,10.124,True
13951025278,app_store,gb,2026-04-12T11:26:21-07:00,5,Great bank,"Really good services, decent saving rates, no foreign exchange charges. Excellent all round",Archers World,10.124,True
13950404817,app_store,gb,2026-04-12T08:06:22-07:00,5,Fabulous Banking App,I really loved using this app for my daily expenses. I would definitely recommend my friends family and all other others who need smooth and convenient app for their expenses.,Mr.Danism,10.124,True
13962089584,app_store,ie,2026-04-15T16:38:15-07:00,5,Very nice very good bank in the world!!!,This Revolut is something really special,Luvinho,10.124,True
13960933628,app_store,ie,2026-04-15T09:06:20-07:00,5,The Best Bank in the World – Revolut Sets the Standard!,"I’ve been using Revolut for a while now, and honestly, it’s hands down the best bank in the world. The app is incredibly easy to use, everything is fast and intuitive, and I can manage all my finances in just a few taps.

What really stands out is how seamless international payments are—no hidden fees, great exchange rates, and instant transfers. It’s perfect for anyone living abroad or traveling frequently. The features are next level too, from budgeting tools to virtual cards and security controls that give total peace of mind.

Customer support has always been quick and helpful whenever I needed it, which is something a lot of traditional banks struggle with. Overall, Revolut completely changed the way I handle money, and I wouldn’t go back to a regular bank. Highly recommended!",@urbansign,10.125,True
13958427976,app_store,ie,2026-04-14T14:59:44-07:00,5,Super convenient and reliable,"I’ve been using Revolut for a while now and it honestly just makes life easier. The app is quick, super easy to use, and really helpful when traveling or sending money abroad. Definitely recommend it!",Anya Crave,10.125,True
13956860802,app_store,ie,2026-04-14T05:32:47-07:00,5,Ireland border region,"I can spend in Northern Ireland and Republic of Ireland without incurring any exchange tariffs… if I have it set up correctly 
Everything is very instant and quick
Good safe guards for paying new accounts/bills, it flags if name doesn’t match the account",Revolut 4 life,10.125,True
13954927960,app_store,ie,2026-04-13T14:29:10-07:00,5,Amazing!,"Easy to use. Recommended for managing finances such sending remittances, trading, loans, savings, etc.",Mhel04!,10.125,True
13953743545,app_store,ie,2026-04-13T07:17:21-07:00,5,Great app,"I’ve been using Revolut and really like it the app is simple, fast, and super convenient. Managing money and payments is easy, and everything just works smoothly. Definitely recommend!",Joasia9090,10.125,True
13949956101,app_store,ie,2026-04-12T05:42:49-07:00,5,Just a pleasant to use,"I’ve been using Revolut for a while, and it has truly made managing my finances much easier. The app is intuitive, fast, and packed with useful features. Currency exchange, budgeting tools, and instant notifications make everyday transactions seamless. Highly recommended for anyone looking for a reliable and modern financial app.",Abdulaziz alkhuraydili,10.124,True
13948105324,app_store,ie,2026-04-11T16:09:55-07:00,5,The best thing that happened to banking in Ireland,"Revolut won’t suit everyone. If you like queuing in banks and dealing in cash, not for you. If you like paying for banking with nothing back, not for you. The best Revolut accounts are not free, indeed more expensive than basic BOI accounts in some cases. But, and the but is massive. They work for you, you don’t have to work for them. As easy or as complex as you like. Kids accounts, share ownership, instant access savings that pay interest AND you can transfer to your current account to pay the shopping or energy bill. Instant exchange without fees for overseas. Air miles. Game changer.",TONYSKERRIES,10.124,True
13943192961,app_store,ie,2026-04-10T08:23:44-07:00,5,So convenient,"I never thought I needed Revolut, but once I got it I realised how wrong I was. Whether it’s splitting a restaurant bill, or transferring funds to sterling for a weekend in London, Revolut has transformed my banking experience. The app is easy to navigate & transactions are processed immediately. Love it!",Mrs E Riley,10.124,True
13913281103,app_store,ie,2026-04-01T23:41:05-07:00,5,Amazing app,"Better Deals, Convenient access, Easy trading with specific tier of course!!",Jakecrystal94,10.123.1,True
13913188119,app_store,ie,2026-04-01T22:53:49-07:00,5,Excellent banking facility,"Really love it and use many of the services including fx, investing and crypto. Super easy to use",Rockett No 1,10.123.1,True
13910713122,app_store,ie,2026-04-01T06:50:22-07:00,4,Great all rounder,"I’ve had revolut for about 8 years now. It’s a perfect banking app for day to day transactions, and I’m loving the new offers on car insurance, credit card and split transaction . The points have also been a great bonus considering how poor the credit card loyalty programs are in the EU. Would definitely recommend a try.",RedfoxKE,10.123.1,True
13908318720,app_store,ie,2026-03-31T14:19:35-07:00,5,Revolut Review,I am using Revolut for the last 3 years. It’s premium and next level plans are really awesome. I use RevolutX for my crypto trading.,Jeganathan M,10.123.1,True
13907222724,app_store,ie,2026-03-31T07:59:22-07:00,5,Great App,"I can set all my accounts together, loved it.",EddyDrums10,10.123.1,True
13906677390,app_store,ie,2026-03-31T05:01:52-07:00,5,Ease of use in managing your money,I have been using Revolut for a good number of years now and find it excellent for being able to make payments to friends and colleagues. It is much more flexible and easy to use than the applications provided by the Bank that I use. It is also excellent for managing cryptocurrencies.. It is widely accepted by people. It’s really very very good!,Helm master,10.123,True
13900231265,app_store,ie,2026-03-29T08:17:32-07:00,5,⭐️⭐️⭐️⭐️⭐️ Revolut is a must-have for my business,"Revolut works incredibly well for my business—seamless international currency exchange, easy crypto access, and clean payment tracking all in one app.",DaftPlanet,10.123,True
13895924512,app_store,ie,2026-03-28T04:52:41-07:00,5,Special,"Revolut is easy to use, rapid transfers and the best exchange rates. I’m very satisfied",ACartano,10.123,True
13892332072,app_store,ie,2026-03-27T05:12:53-07:00,5,Revolut -2 Traditional Bank -0,Definitely better than traditional bank in terms of ease of accessing various product offerings and love the fact that they are always kept on their toes by Revolut. Good job 👍,RV153,10.123,True
13962498506,app_store,us,2026-04-15T19:39:57-07:00,5,Love it,"Have been using Revolut for a few years now. I love all its features! From checking account, exchange currencies, and easy transactions whether is shopping or wiring to other accounts. I love that I can create my own savings account at a very good rate, and that it is very safe, verifying transactions for new recipients instantly! Definitely recommend!",StellaDr,10.125,True
13961741557,app_store,us,2026-04-15T14:04:40-07:00,5,Highly recommend Revolut.,"I’ve been using Revolut now for five years, I highly recommend it. It is an essential travel tool, with multi currencies, great exchange rates , more secure than my credit cards, easy to use, save, and send money to others across continents.",from grand cayman,10.125,True
13961677075,app_store,us,2026-04-15T13:37:28-07:00,1,Waste of time / dysfunctional app,"Knowing this company is crypto friendly, I figured I would give them a shot. I didn't realize how low quality the company is. Their app is complete trash. Why they force you to go through that to initially start your account, instead of allowing you to go through the website, is beyond me

He can only verify certain types of IDs. For anyone else that lives in Florida, don't waste your time. It can't verify a Florida ID. I wasted my time trying to submit mine and eight different freaking times. Every single time, it rejected it.

If they are going to require an ID like that, they should have all ideas from all states in their system!!! for them to not do so is not only extremely irresponsible, but also a real easy way to take off a potential customer and get a negative review like this. And I have seen multiple other people complain about it not being able to read their IDs, so I am sure it is not only Florida drivers licenses that they have issues with

In case that wasn't bad enough, I couldn't even log into my account normally, because despite the fact that I know very well exactly what password I put into their system, their system somehow took in the wrong password!!! I knew exactly what password I put in, but yet it would repeatedly tell me that it was the wrong password!!!  and their ""password Recovery"" is completely worthless as well

Their app is trash, it's sloppy, it's incomplete, and with all of that said, I would not trust this company at all whatsoever. They are clearly slopped together. Then to make it worse, their customer service is pretty much nonexistent, no fraud department, you are pretty much just left to fend for yourself when it comes to this account.

Find an alternative. This one isn't worth the hassle.",Ascendant ;),10.125,True
13950805171,app_store,us,2026-04-12T10:12:53-07:00,4,Saved me,Revolut has solved my money exchange and spending problems. I moved to the Czech Republic and couldn’t open a bank account so had to pay an international fee every time I had to get cash or pay for anything. Revolut lets me transfer money from my banking account in America and buy Czech crowns at good prices.,Rufus Lee Kirkland,10.124,True
13950670535,app_store,us,2026-04-12T09:29:35-07:00,5,Next-Gen Banking,"Revolut makes managing money super easy. Transfers are instant, exchange rates are great, and I can keep all my currencies in one place. The app looks great, runs fast, and the budgeting tools are super handy.

I use it every day — honestly can’t imagine going back to a regular bank.",TheRomero,10.124,True
13944099840,app_store,us,2026-04-10T13:46:03-07:00,4,Great for traveling,"I have been using Revolut for a few years, I have the metal plan. It’s great because I get the beat rates for currency exchange just pulling money from foreign ATMs. 

Only down side is the limited flexibility for withdraws. You are limited to $4000 in 24 hour transactions. To get a increase to make big purchases isn’t guaranteed and takes time for them to approve it if they do. 

Other than that I have no issues. Get my paycheck early and easy transition country to country.",DQC07,10.124,True
13918155972,app_store,us,2026-04-03T07:56:57-07:00,5,Best banking app,"Let’s transact with Revolut because it’s very easy, user friendly and best exchange rates. 
I’ll rate you even if there exists billion stars!",Gkaramo,10.124,True
13916025380,app_store,us,2026-04-02T17:15:40-07:00,5,Excellent app and service,"So glad I found this service, I can transfer easily from my UK account to US account with no Problems, also gives me the best exchange rates than anywhere",Excellent App and banking,10.124,True
13913094625,app_store,us,2026-04-01T22:06:12-07:00,5,Makes Expat banking easy,Easy use for my US banking account to my EU account. Definitely makes my living abroad experience much better.,chado68,10.123,True
13912124716,app_store,us,2026-04-01T14:58:45-07:00,5,Send spend save,The best online bank application and trust wallet,Mamdouh-h,10.123.1,True
13910336723,app_store,us,2026-04-01T04:50:29-07:00,5,The answer if you have complex needs,"Revolut facilitates management of funds when you have a need to regularly transfer funds between currencies, at minimal cost.  Being confident that this will be done at the best possible exchange rate no matter the sum saves so much time and worry when compared to the alternatives.",stanleystorey,10.123.1,True
13910225475,app_store,us,2026-04-01T04:10:48-07:00,5,Simply the best,"Years ahead of it competition, a real bank of the future. Zero hidden fees, almost zero fees in general, best exchange rates on the planet, practical, intelligent, versatile, fast. It’s the bank of the future, but it’s here now.",Sebastiano,10.123,True
13908315779,app_store,us,2026-03-31T14:18:24-07:00,5,Best app,"I’ve tried wise, Xoom and bank transfers .  For transfers and exchanges it really makes a difference, where I save hundreds more by using Revolut. revolut is by far easier to use.",Holiday55,10.123,True
13907307332,app_store,us,2026-03-31T08:25:51-07:00,5,La mejor opción para llevar tus finanzas,Definitivamente la mejor aplicación para tener tu dinero y recibir pagos del extranjero ya sea de amigos o para nómadas digitales,Josefo Arraco,10.123,True
13906157252,app_store,us,2026-03-31T01:16:36-07:00,5,Great solution for International spending,"I have found this the best option for budgeting, making international transfers and also having a family account. With pockets we are able to give kids their own cards and budgets and do the same for ourselves. This scenario has been so helpful to our financial planning. We also use the crypto options and the option to invest the rounding up of purchases. 5 stars!",sunintuscany,10.110.1,True
13901616967,app_store,us,2026-03-29T16:40:34-07:00,5,Excellent Service,I have always used this app to exchange and send money home. Rates are great and gets remitted very quickly,Ohmer O,10.123,True
13888277749,app_store,us,2026-03-26T02:07:40-07:00,5,Best bank ever,"I have never been so excited and happy with such bank , it provides me with all you need, transfer money, exchange, Visa cards, online payments, assets, stocks, crypto, lowest fares, eSims, lounge services, access to applications, insurance and compensations, and many many other things 
I can’t even imagine my life with Revolut 
Thanks Revolut, keep evolving",Dr. Mazen D,10.123,True
13884218626,app_store,us,2026-03-24T21:18:49-07:00,5,Best bank app !!!,"Revolut is by far the most convenient banking app I’ve used. Instant notifications, great exchange rates, and easy international transfers make managing my money simple and stress-free. The interface is clear and modern, and new features like analytics and virtual cards make it feel more like a smart financial assistant than just a bank.",VOLKODAV123631,10.122,True
13876410177,app_store,us,2026-03-22T13:59:48-07:00,5,It is fast,"No fees. Good exchange rates.
e-transfer work just fast.",Fooddy in Rio,10.121,True
13871286772,app_store,us,2026-03-21T05:12:09-07:00,5,Best online bank I’ve tried so far,"From regular bank stuff, investments, CFDs and crypto through airport lounge access, all the way to very good insurance - this has it all.",lupo.sk,10.121,True
13865786245,app_store,us,2026-03-19T14:04:16-07:00,5,Break free from the chains of brick and mortar traditional banks,"Thanks to Revolut I can operate an international business, pay my providers, exchange money at a fair rate, etc. The same day that I need it. Goodbye to working with long bank transfers. I love Revolut.",Viajera123,10.121,True
13865559273,app_store,us,2026-03-19T12:33:54-07:00,5,Banking Freedom,"Revolut gave me banking freedom that my local bank couldn’t offer, let me explain. Freedom to send my son money to pay for groceries while he was in line to pay. Freedom to use an ATM when out of my home country. Freedom to invest in stocks and crypto. Freedom to easily save up to pay for bills and big purchases. Total banking freedom at my fingertips on a mobile app that is easy to use.",Stu4454,10.121,True
13857370508,app_store,us,2026-03-17T04:57:22-07:00,5,Best app,Great app and easy to use and understand. This digital money wallet works fast and good with ease,litle sista,10.119,True
13848866964,app_store,us,2026-03-14T16:36:46-07:00,5,Mexico bank,Definitely don’t need one with this! You can exchange to any currency!,Mommabear20201,10.119,True
13833609496,app_store,us,2026-03-10T07:11:18-07:00,5,Modern Banking created Modern Needs!,"Great app, services created outside the banking box. Great customer service and low fees. Easy setup, easy security options, easy international transactions, easy alt coin trading, currency conversion.  It’s a dream bank!",suzieverona,10.119,True
13826645232,app_store,us,2026-03-08T05:46:07-07:00,5,Best app,"Best app, working well all the time, definitely recommend",Paul_Zm1,10.116,True
13826559587,app_store,us,2026-03-08T05:13:09-07:00,5,The future of banking is here.,"I’ve been banking for decades, and nothing has come close to what Revolut delivers. 
From the moment you open the app, you realise you’re in the future. Instant spending notifications, multi- currency accounts and real-time currency exchange at interbank rates. Budgeting breakdowns, stock trading, crypto, savings vaults and business accounts — all in one impossibly sleek interface.",M.O. & X.V.,10.116,True
13807197548,app_store,us,2026-03-02T13:18:16-07:00,1,Beware!,"These people are inept and incompetent. If you use the app you only will run into a bunch of problems… I was trying to transfer more money to my Revolut account from the same bank account that I used before, but got restricted for no obvious reason and they want me to verify something by providing some document. I don’t know what kind, since it supposed to show the exact amount that I am trying to transfer. I mean - total nonsense… 
Additionally, there is no way to contact them - no contact form, no phone number, no email…
So, my advice is - stay away from this institution. Not worth the trouble.",Ares381,10.119,True
13800574599,app_store,us,2026-02-28T17:35:50-07:00,5,Excellent Banking Experience!,"I’ve been using revolut for over a year so far, The app is incredibly user friendly packed with useful features and makes banking seamless.
-Sending and receive money is very quick and easy
-the analytics and separating the account balance that includes goals helps me organize my funds and budget easily.
-the disposable cards help me avoid giving unnecessary information to sketchy sites.
-I haven’t gone overseas yet but you can quickly, and easily exchange currency with great exchange rates through the app.
-getting instant transaction notification gives me a peace of mind.

Revolut is miles ahead of traditional brick and mortar banks when it comes to their banking app.",hamguy,10.116,True
13793275327,app_store,us,2026-02-26T18:12:41-07:00,5,Love it!,"Easy to use, cross border and crypto friendly",Kjakman,10.116,True
13788777889,app_store,us,2026-02-25T12:20:33-07:00,5,"Thanks guys, very smooth experience","Thanks again, definitely worth a try for sure!",JamaalE123,10.116,True
13767022728,app_store,us,2026-02-19T10:37:10-07:00,1,I wish i could give negative -star ratings,I added money through my apple wallet and it was flagged and without notice they shur down my account completely i laugh at this everynight DO NOT ADD MONEY if you hsve an apple cash card and you try to ad dmore money than it has otherwise your account will close,ThuSpectator,10.116,True
13755683641,app_store,us,2026-02-16T06:49:18-07:00,5,"Great app, easy currency exchange and transfers","Works great, app is user-friendly and well organized. Fees for international transfers are reasonable and you get $1000 of free currency exchanges per month with the free plan. Works great for what I need it for with minimal fees. Paid plans are also available with many additional benefits.",dforvendetta,10.116,True
13754927990,app_store,us,2026-02-16T02:12:29-07:00,5,Advice,"Use stablecoins. Money goes from you to recipient, that's it. no third party like revolut. instant transactions, no middleman delaying or limiting your funds and charging you a fee for it.. get USDS or USDC in a self-custodial wallet",Jackbe Nambull,10.116,True
13742118795,app_store,us,2026-02-12T11:18:04-07:00,4,it’s a great app.,don’t like how it takes so long to transfer to another bank but when ur transferring something from one bank to this one it’s instant.,gdgarner21,10.116,True
13741957269,app_store,us,2026-02-12T10:17:58-07:00,5,Best exchange system,"If you travel, you must have Revolut",nabil.sleiman,10.116,True
13731747550,app_store,us,2026-02-09T12:54:43-07:00,1,A lot of work,I have to provide proof of something for moving money from my other bank to revolut. No other bank needs this bs. Takes forever to do anything this way,MaojerManjaro,10.116,True
13728830685,app_store,us,2026-02-08T17:15:18-07:00,5,Legendary Banking,It has made payments while traveling so easy and to pay in local currency. Feels like you are trading FOREX. Highly recommend it!,KrisC007,10.114,True
13724753008,app_store,us,2026-02-07T15:16:17-07:00,5,Actually one of the greatest banking app I used,Just when we buy crypto the fee is way to high maybe not invest here,YSIB_,10.114,True
13719768347,app_store,us,2026-02-06T08:07:15-07:00,5,GREAT Service and a GREAT app,It took me some months to trust and then test Revolut against the other available payment processors and money apps that I have been using for years. When I finally gave Revolut the chance to prove itself it has been coming through with flying colors. Revolut is now consistently making its way to the forefront of becoming my #1 app of choice. Keep up the good work Revolut because you are definitely making a believer out of me.,Amasicousa,10.114,True
13962980831,app_store,de,2026-04-15T23:51:25-07:00,5,Excellent all in one app,"I do money exchange, transfer, eSim purchase and recharge. works flawlessly",ssmicici,10.124,True
13959977885,app_store,de,2026-04-15T03:33:07-07:00,1,Notifications,I unsubscribed from all push notifications and I still keep getting notifications about crypto. So annoying,Fitimfejzullahu,10.125,True
13958386686,app_store,de,2026-04-14T14:41:28-07:00,5,Sehr gut,Mir gefällt die Bank @trading App sehr gut,Helenasias,10.125,True
13958288941,app_store,de,2026-04-14T13:59:40-07:00,5,My opinion,"Best banking i ever had, easy to use, fast transfers and good % for exchange. A lot of good benefits. Highly recommend!",Danddelai,10.125,True
13956513654,app_store,de,2026-04-14T03:17:24-07:00,5,Wallet loading or deposit,Super amazing but we looking forward to be able to deposit money on our card .it’s stressful to load cash on the card when you run out 👌,Moni friend,10.125,True
13952858525,app_store,de,2026-04-13T01:24:54-07:00,5,Super Diskrete und kompetente Bank,"Im Vergleich zu den extrem beschränkten deutschen Banken, die ihre Kunden wie Verbrecher behandeln und immer mehr einschränken, mit unendlich steigenden Gebühren terrorisieren und an die Schufa petzen, ist Revolut quasi die Rettung. Zusätzlich kann man noch Cryptos verwalten, Reisen versichern, Aktien kaufen und vieles mehr. Kann wärmstens empfehlen, wenn ihr es leid sind von irgendwelchen Sparkassen immer gesperrt zu werden, nur weil ihr ""falsche"" Partei gewählt habt.",Empi27,10.125,True
13950537413,app_store,de,2026-04-12T08:47:24-07:00,5,Simple easy functional,Revolut gives me what I need to exchange money with friends and try investment solutions,Cla7777,10.124,True
13942223304,app_store,de,2026-04-10T02:45:27-07:00,3,Tolle Plattform - für größere Beträge nur erschwert nutzbar,"Für kleine Beträge (bis ca 20t€) sehr nett. 
Wenn man größere Beträge bewegt, kommt als erstes die Compliance Nachfrage nach der Herkunft der Gelder - gut, habe ich Verständnis für. Wenn ich dann z.B. 100t€ auf mein Brokerdepot nach Singapur überweise kommt eine automatisierte Betrugswarnung und ich muss ca. 20x versichern, dass ich ""weiß, was ich tue"". Zeitaufwand: 10 min. Ok. Dann wurde ich vom Service kontakiert und musste nochmals gefühlt die gleichen Fragen beantworten, screenshots meines Depot hochladen, Versicherungen über meine Erfahrungen im Investmentbereich abgeben (Zeitaufwand: eine Sunde +). Am störensten habe ich empfunden, dass ich immer wieder das Gleiche gefragt wurde - wie in einem schlechten Krimi. Erst meine Drohung, die Geschäftsverbindung zu beenden führte schließlich zur Ausführung der Überweisung (die zugegebenermaßen dann enorm schnell und sehr günstig war). 
Eine neue Überweisung an den gleichen Zahlungsempfänger führte wieder zu der automatisierten Betrugswarnung mit den 20 Antworten. Allerdings hatte der Service dazugelehrt - nach einer einzigen Versicherung, dass die Überweisung mein freier Wille ist und einer Unterschrift wurde mit der Ausführung begonnen (wieder enorm schnell & günstig). 
Es ergibt sich also in meinem usecase ein gemischtes Bild: Insgesamt finde ich Revolut sehr gut & innovativ und kann es sehr empfehlen - mit der Einschränkung, dass das Handling von größeren Summen eine wahre Geduldsprobe darstellt. Das klappt mit Wise wesentlich besser.",AGFB68,10.124,True
13939989249,app_store,de,2026-04-09T10:14:08-07:00,1,The bank can not resolve the technical problem for more than 1 month,"In beginning of March, I lost access to using cryptocurrency because my information was under the check. Apparently, nothing was wrong with it — some technical problem appeared. After one month, nothing was solved — supports just repeated words „soon“, „priority“ and „I am sorry“. In the end, apparently, the technical team „solved“ the bug but some clients (like unlucky me) still faced the same problem. No one reached me one and no one checked if my account is not affected till I wrote to the support one more time. I can not even transfer my funds back — fully locked. 

I am a political refugee and work for the state — but maybe bank think that I am a danger for them or not important.",kkk2014,10.124,True
13939971964,app_store,de,2026-04-09T10:08:14-07:00,4,Good UX awesome app design,"Holy cow this is the best banking app I have seen so far ❤️
Bitcoin transactions are way to expensive (-1 Star ⭐).",Inpendere,10.124,True
13939917804,app_store,de,2026-04-09T09:49:54-07:00,5,Hervorragend,Umfangreich und dennoch sehr übersichtlich. Revolut verkörpert das Banking der Zukunft.,Preso Bashi,10.124,True
13935960493,app_store,de,2026-04-08T07:44:54-07:00,5,"Modern, Easy and Reliable","Easy to use worldwide, transparency and easy access to everything. Investments (crypto, shares) savings, daily usage. Great app!",AakashBhhatia,10.124,True
13964647759,app_store,fr,2026-04-16T10:44:44-07:00,5,Simply fascinating,"I adore the application and the bank. You can do so many things in the app (including buying and transferring BTC, transferring to a credit card number, etc etc) that you can’t even imagine. Fascinating experience!",biveselov,10.125,True
13963132016,app_store,fr,2026-04-16T01:13:10-07:00,5,Future is here,"Smart, innovative, easy to trade, good software to crypto plateform, professional administrative support and services, intelligent apps artistically designed, we are in another level of the banking plateform.
Thank you to exist and being with me since these 4 years, i will always trust you",Valps54,10.125,True
13961073701,app_store,fr,2026-04-15T09:54:50-07:00,5,Au top,Crypto/euro parfait,Kzcrypto,10.125,True
13959842311,app_store,fr,2026-04-15T02:30:44-07:00,5,Le parrainage est un vol,Bonne application mais le parrainage est un scandale et il manque une API bourse et bitcoin !,Nanoboz0,10.125,True
13959431526,app_store,fr,2026-04-14T22:54:22-07:00,5,Application Indispensable,"Efficace rapidité information en tant réel pas de bug, simplicité 
Ergonomique, larges choix d’investissement Crypto, actions ETF Devises",I-bal,10.125,True
13953592358,app_store,fr,2026-04-13T06:27:44-07:00,5,Tout en un 24/7,"J’utilise Rovolut depuis leurs débuts (compte en Lituanie 😅)! Au début c’était juste pour un usage à l’étranger, pour éviter de me faire voler ma CB principale.
Mais avec la simplicité et la puissance de l’application petit à petit j’ai basculé vers un usage plus intensif.
Aujourd’hui entre compte courant, actions, etf, crypto j’ai énormément de chose sur Revolut.
Ce qui m’a donné confiance ? Un voyage à la montagne pour le ski qui s’est très mal passé et j’ai été choqué de la réactivité du service client. Remboursement intégral en même pas 8h… 
Depuis l’application s’est énormément amélioré et c’est presque un kiff de la parcourir.",AbdelCkd,10.125,True
13953565487,app_store,fr,2026-04-13T06:18:42-07:00,3,Manque de paire,"Pour mes investissements en CFD, Revolut c'est OK.  Je ne veux pas utiliser des brokers, bcp trop de frais. Ici je suis libre, je suis indépendant, ressentez-vous cela avzc d'autre banque ? Merci Revolut de cette liberté de réussir ! 
Juste une amélioration à viser ! De pouvoir trader sur des paires comme EUR/usd etc.. comme sur les plateformes de Forex classique, on a beaucoup de CFD mais pour du pro niveau banque mon activité, il faut accroître les investissements accessible ! Well done !

Cependant à revoir les marges de sécurité qui sont prises sur les fonds disponible hors investis en CFD, lors des initiés manipulation des marchés d'un certains président que vous connaissez..  on se retrouve à avoir des pertes indus car les mèches sont assez violente, et revolut ne prend même pas la peine de prendre en compte les SL entrepris à l'avance sur cette mèche.   
Cela fait 2 fois que Revolut ne nous protège pas sur nos ordres fournis à leurs courtiers.
Quel prochaine garantie saine, et de sécurité afin de trad sur votre plateforme comme par exemple l'actualité + poussée sous les CFD principaux  liés matières premières comme des informations les plus sourcées sûres avec analyse geo politique afin de s'y référer comme seule source d'engagement? 
Cela permettrait au mieux à Revolut moins de perte de capital pour vos traders donc vos fonds..",Tairxuxd,10.125,True
13952758129,app_store,fr,2026-04-13T00:31:56-07:00,5,Incontournable,"J’utilise Revolut depuis 2020, je me sens en sécurité avec cette banque et tu as vraiment l’impression d’être maître de ton argent, tu peux investir en crypto, ETF, bourse et épargner avec de bons taux d’intérêt.

Le système des revpoints est super ainsi que la e-sim, le système de réservation pour des séjours dans le pays où tu vas est très bien.

J’ai l’abonnement métal et j’ai une carte très sympathique plaqué or 24 carats (mon petit plaisir)",Havreciel,10.125,True
13952687660,app_store,fr,2026-04-12T23:53:27-07:00,5,Y’a pas mieux,"J’utilise Revolut depuis quelques années maintenant, cette néo banque m’a accompagné lors de mes 2 tours du monde et dans mon quotidien assez dépensier et je n’ai jamais été déçu , cette banque est également mon courtier par défaut pour mes investissements en bourse (encore un poil trop de frais pour investir en crypto) leurs interfaces est la plus simple tout courtier confondue, ils innovent sans cesse, je me sens en confiance avec eux, je recommande fortement !",lilho93150,10.124,True
13951444382,app_store,fr,2026-04-12T14:01:46-07:00,5,Revolution the best,"Ok very good and very fast and secure
No time and money to loose

more expensive than other bank 

but trading is very interesting service from revolut
Thanks
14/03/2026",By_new_student,10.124,True
13961646740,app_store,es,2026-04-15T13:25:11-07:00,5,Aplicación definitiva,"La uso como cuenta principal y de ahorros, los pockets son una genialidad. Y la seguridad buenísima. Una aplicación Excelente!",Nitolinea,10.125,True
13959515604,app_store,es,2026-04-14T23:39:44-07:00,1,Estafadores plan premium,"Me dan gratis un plan premium para probarlo el primer mes, cuando me voy a dar de baja me regalan otro, me quedo, pero al irlo a dar de baja de manera definitiva me dicen que por llevar menos de 6 meses me cobran 2 meses (17,99€).

Es decir es gratis pero si te das de baja te cobran, una vergüenza.",Javiercpérez,10.125,True
13954722160,app_store,es,2026-04-13T13:04:02-07:00,5,Best exchange rates anywhere anytime,Very practical you can exchange currencies at best rates at anytime with current value changing immediately with markets,1000tino,10.125,True
13952909375,app_store,es,2026-04-13T01:51:08-07:00,5,The best neobank,"First time writing a review into the appstore. Just because the application deserves that. I tried different banks, like wise and n26 and none of them could offer so high quality support that would HELP you, not just listen. Besides that, super intuitive application. It’s free(0 comissions), best exchange rates and high speed transactions to any other bank. Literally the best bank ever",aroundsider,10.125,True
13950744816,app_store,es,2026-04-12T09:53:26-07:00,5,Genial !,Sirve para Cryptos con facilidad,Asiouhr,10.124,True
13942384800,app_store,es,2026-04-10T03:54:52-07:00,5,Excellent,Easy to use. Good exchange rates.,Marie Mu Fi,10.124,True
13961322655,app_store,nl,2026-04-15T11:23:21-07:00,5,"Smooth, Fast, and Packed with Features","Very user-friendly app with lots of great features. The exchange rates are excellent, and everything works incredibly fast.",ivahmad,10.125,True
13961146589,app_store,nl,2026-04-15T10:20:30-07:00,1,Worthless application,"I am trying opening an account on my iPhone, latest iOS: it simply doesn’t work: it is slow, it has authentication problems. Indoor get it! help wanted!!
April 2026:
It is still not working: I am in the netherlands, I have the latest iOS version, cleaned out my cache, reinstalled this app, by default the app thinks that I am in Saudi arabia, which is not true.  I punch in my Dutch cel number, I receive a code, I enter the code and i get the message that revolut isn’t active in saudi arabia.?!?!?!? And there applying for an account halts. 

Pls resolve asap",Marty dutchy,10.125,True
13953797640,app_store,nl,2026-04-13T07:34:47-07:00,5,Good,"I'm new and I adapt easily. I'm so young but a bit suspicious when I try something new, but I love it. It's easy to use and can be used in any language.",Analuisavdv,10.125,True
13947240411,app_store,nl,2026-04-11T10:32:46-07:00,5,It is a very good bank,The transfer is fast and they use different payment methods.,Hmalmir,10.124,True
13939920274,app_store,nl,2026-04-09T09:50:44-07:00,5,Beste bank ever!,Super handig voor crypto,BTC smart money,10.124,True
13938863319,app_store,nl,2026-04-09T04:01:56-07:00,4,Efficiency is key 🔑,Revolut makes international transactions extremely easy. The app is also very easy to use and if you have any questions the AI Bot for customer service works great! Definitely recommend :),뽀잉~~~,10.124,True
13931266169,app_store,nl,2026-04-06T23:44:22-07:00,5,Easy to use,"User friendly app functionalities, on time transactions, exchange is convenient in the app. Easy banking.",sp Csilla,10.123,True
13923565550,app_store,nl,2026-04-04T18:41:26-07:00,5,Great app!,Been using revolut now for a little while. It was easy to setup and get an account. I like that I have the option to use stocks or crypto if I want to. There are however some things I would like to get rid off like some of the advertisements or messages. Other than that love it!,Ayarjoy,10.123,True
13920417629,app_store,nl,2026-04-03T22:28:02-07:00,5,Best App 2025!,"I’m really fascinated with the app, the flexibility, simplicity and velocity that comes with it is really something that I haven’t seen anywhere else. Truly amazing stuff!",Jopatmor,10.116,True
13917252641,app_store,nl,2026-04-03T02:47:38-07:00,1,Not user-friendly,"The app won’t send a text or call with a code to get me started, then says ‘something went wrong’ and that was that. Lost a potential customer.",WorldTraveller12678,10.124,True
13907864533,app_store,nl,2026-03-31T11:31:26-07:00,5,Een geweldige bank MET crypto😍,Erg tevreden 😊,arnoud 060875,10.123.1,True
13894233445,app_store,nl,2026-03-27T16:21:40-07:00,5,Revolut Bank the game changer in online banking.,"I like Revolut bank because Revolut for me isn’t just a place I send and receive money. Revolut is an all in one combo for sending money, receiving money, making payments for online shopping and groceries shopping and to crown it all making money through stocks and crypto investments.",Chuks4rmNetherlands,10.123,True
13888941705,app_store,nl,2026-03-26T06:23:47-07:00,5,Very handy for a traveler,"My time is divided between UK, NL and Turkiye, between those 3 exchange and transfer are all very expensive but with Revolut I can skip between without paying extra cost to my bank. And to me this is the biggest flex of Revolut",Shevda,10.122,True
13887551814,app_store,nl,2026-03-25T19:55:41-07:00,5,Nederlandse banken houden crypto investeringen tegen!,Revolut was geloof ik de enige optie als in NL wonend persoon,I Kuyp I,10.123,True
13875061507,app_store,nl,2026-03-22T06:24:23-07:00,5,🗿,Pretty simple and there are many different options which are easy to understand. I use many bank apps but definitely this one is the first place.,WarBlanq,10.121,True
13866198571,app_store,nl,2026-03-19T17:00:25-07:00,5,"Modern, customer-driven, and innovative","Revolut represents the modern way of banking — fast, flexible, and customer-driven. Their AI chat support is one of the best I’ve ever experienced: quick, efficient, and truly helpful.

Beyond basic banking, Revolut offers an impressive range of financial products that are easy to access and understand — no endless paperwork or confusing processes. The new ways they help clients earn and manage money are refreshing and forward-thinking.

RevPoints is also a fantastic innovation — a simple yet rewarding way to give back to customers without all the fuss.

My only minor setback has been with money transfers, which occasionally faced delays. However, I believe this issue stems more from partner or intermediary banks in the Philippines rather than Revolut itself.

Overall, Revolut continues to redefine what banking should feel like in the digital age.",Goddess Yosalina,10.121,True
13862488042,app_store,nl,2026-03-18T15:04:08-07:00,5,Beste bank,Fijn dat je euro om kan wisselen naar andere kredieten en crypto kan gebruiken,LITL.43,10.119,True
13857303129,app_store,nl,2026-03-17T04:30:34-07:00,4,Prima maar duur !,"Prima oplossing voor veel bank zaken, enkel beleggen en trading is echt duur !",TJ_from_Holland,10.119,True
13853835023,app_store,nl,2026-03-16T04:08:21-07:00,5,Fijne app met veel mogelijkheden!,"Banking, crypto, sparen alles in 1 app met veel extraatjes!",Meijer82,10.119,True
13815381242,app_store,nl,2026-03-04T23:18:18-07:00,3,"Good, but no creditcard",The lack of a proper Credit Card in The Netherlands gets to be annoying. Revolut acquired its Dutch savings guarantee in 2023 already. So what is keeping them from offering this basic banking service? Customer service has no response to this. I cannot rent a car in The Netherlands without a basic Credit Card! Dutch law doesn’t allow this.,ESAD-Sandstorm,10.119,True
13799453449,app_store,nl,2026-02-28T10:21:25-07:00,5,Works very well,"I live in the Netherlands and Revolut is mostly what I use to pay everything from my rent , my groceries and online shopping.",Lavi0-0,10.116,True
13794189935,app_store,nl,2026-02-27T01:19:14-07:00,5,Good Exchange rates,To send money back home it works perfectly!!!,MarceCastri,10.116,True
13963947804,app_store,it,2026-04-16T06:45:53-07:00,5,Diversificare,"Molto interessante , Token , carte e molte funzioni da scoprire ! Ottima",italian_spartan,10.124,True
13959431043,app_store,it,2026-04-14T22:54:07-07:00,5,FANTASTICA,"Non solo sa di può usare per tenere conto delle spese, per ricevere stipendi o per risparmiare, ma si può da essa anche richiedere prestiti e investire in crypto e altri titoli",Giona_venier,10.125,True
13952431923,app_store,it,2026-04-12T21:32:18-07:00,2,not a serious bank anymore,"First ages were ok-ish (in terms of app, not banking services) so that I decided to switch a Metal plan. Then first they started removing free ATMs access (there is always a commission even they say no). Then they downgraded the travel insurances, and made usage of them impossible. The last week I sent 1500€ to my primary bank account (same name) and I got the account blocked for 3 days for AML. Now I got an eSIM with 10GB traffic, that they disabled just after the ""trial"" period of 500MB (they disabled it just after hitting 510mb).
There is NO WAY to talk with humans or any system capable of understand problems and solve them - that also mean that aside legal ways - you have no way to get your money back if something fails. Never deposit serious amount of money here. They chatbot is completely embarrassing and is also very offensive in answering",fabio.mm,10.124,True
13945279071,app_store,it,2026-04-10T22:17:52-07:00,5,Comoda e pratica!,"Mi piace uso Revolut da un bel po’, l’app è fatta bene intuitiva semplice, comoda e personalizzabile. Posso avere diversi wallet e ci sono altre mille cose che si possono fare comodamente da quest app senza intoppi. 
Super! La adoro!!",triss42,10.124,True
13940818836,app_store,it,2026-04-09T15:34:07-07:00,5,Top,N.1 anche se  aggiungerei la possibilità di tenere sotto controllo le crypto che interessano senza dover necessariamente acquistare subito,Daniele Coletta,10.124,True
