review_id,platform,country,date,star_rating,title,text,user_name,app_version,is_crypto,is_trust_concern,is_fx,is_relevant,matched_crypto,matched_trust,matched_fx
13964932977,app_store,gb,2026-04-16T12:31:50-07:00,5,Less charges,Sending money abroad is very fast and has fewer charges.,Jeff babasa,10.125,False,False,True,True,,,sending money abroad
13964782612,app_store,gb,2026-04-16T11:35:23-07:00,5,Brill.,"You can’t go wrong with this card, especially if you travel a lot like I do. Getting the proper exchange rates for currencies is a big bonus",omgouttathisworld,10.125,False,False,True,True,,,exchange rates
13964726930,app_store,gb,2026-04-16T11:14:22-07:00,5,Elite Application,"Amazing app with so many options and access to Market, crypto. Easy transferring setting up of the accounts ❤️🤍🥳",Sushinronek,10.125,True,False,False,True,crypto,,
13964028536,app_store,gb,2026-04-16T07:12:07-07:00,5,The best bank ever,"I just like to use it, simple, perfect and performance wise.",otiliam,10.125,False,False,True,True,,,wise
13963835302,app_store,gb,2026-04-16T06:08:49-07:00,1,dont buy the crypto by revolut,very hi fee,Ashkan Nademi,10.125,True,False,False,True,crypto,,
13963787063,app_store,gb,2026-04-16T05:52:33-07:00,5,It’s amazing,Just get it. Saves an abs fortune on exchange rates and is fun to just tap with its contactless shopping,Big Cathal,10.125,False,False,True,True,,,exchange rates
13963511198,app_store,gb,2026-04-16T04:12:53-07:00,1,Scams,As far as I am concerned you may be legit but you are linked to too many scams. Please take me off your mailing list. I have already bind your app. I regret putting money through you for the scam firm trade for you. (Trade4u)I don’t want to hear anything from you ever again,Sapper H,10.125,False,True,False,True,,scam,
13963290550,app_store,gb,2026-04-16T02:35:23-07:00,5,Good bank,Good banking app with crypto features and fast transactions,Regginhanger,10.125,True,False,False,True,crypto,,
13963276339,app_store,gb,2026-04-16T02:28:16-07:00,5,Travel expenses made easier,Simple to change money into different currencies and good exchange rates.,wendyworldwide,10.125,False,False,True,True,,,exchange rates
13962782044,app_store,gb,2026-04-15T22:03:48-07:00,5,Travelling around the world,I love Revolut in my everyday life. I earn unbelievable rev points! But the game changer is travelling abroad! Revolut gives you the best exchange rates and no charges. Absolutely love my Revolut ultimate card 😍,AmandaO1966,10.125,False,False,True,True,,,exchange rates
13961536215,app_store,gb,2026-04-15T12:42:19-07:00,5,Reno Review,"I really like the app, it’s easy to use and the crypto is great too",intcop,10.125,True,False,False,True,crypto,,
13961243711,app_store,gb,2026-04-15T10:55:22-07:00,5,Absolutely amazing,The best bank I have ever used. The features by far better than an ordinary bank on top of the unbeatable exchange rates!,Miki9999,10.125,False,False,True,True,,,exchange rates
13961084332,app_store,gb,2026-04-15T09:58:32-07:00,5,Kinda Revolutionary imho,"Been using Revolut for a few years now and honestly it’s changed the way I utilise my money, budgets and savings. I’ve tried Metal for a year or two (paid upfront annually) and now trying out Ultra, might be a bit overkill for my needs tbh but I’m on pay monthly so will see how it goes and if it doesn’t work out I’ll just go back to the Metal plan. Overall I’m impressed with the service, few teething issues when I first joined few years back regarding access to the investment platform of the app but I used other platforms for that anyway. Will try investing and crypto on Revolut eventually but for now I’m happy with my setup! I’d say it’s worth trying out to see if it fits your financial needs, go on, give it a go! ;P",Liam James David,10.125,True,False,False,True,crypto,,
13960072071,app_store,gb,2026-04-15T04:12:16-07:00,5,Best Bank!!,"I’ve had other accounts before, Revolut is one of the best banks I’ve had. I filed one dispute with monzo and they closed my account because they don’t like drama. Revolut are completely different, they actually look into the dispute and facts and review it accordingly.",ReeceMay,10.125,False,True,False,True,,closed my account,
13959889860,app_store,gb,2026-04-15T02:53:27-07:00,5,10/10 ⭐️,"I’m very much enjoying my banking experience with Revolut Bank! The app is smooth, easy to use, and packed with useful features. Everything from payments to currency exchange works seamlessly. Customer support has also been reliable whenever I’ve needed it. Overall, an excellent service — 10/10!",Juliz1,10.125,False,True,True,True,,customer support,currency exchange
13959809028,app_store,gb,2026-04-15T02:14:22-07:00,5,Easiest,One of the best money app I’ve used so far.  Easier to transact on crypto world.,AdeniyiVic,10.125,True,False,False,True,crypto,,
13959776271,app_store,gb,2026-04-15T01:57:34-07:00,1,Hidden fees,"I lost 6.5 per cent of the amount to intermediary banks’ fees during an international SWIFT transfer. Before I made the transfer, Revolut effectively misled me because they didn’t warn me about these fees. I wouldn’t recommend their service",Oleksandr N-,10.125,False,False,True,True,,,swift transfer
13959376715,app_store,gb,2026-04-14T22:24:37-07:00,5,Review,Excellent customer service. ☺️💜,Tenny💜,10.125,False,True,False,True,,customer service,
13958734951,app_store,gb,2026-04-14T17:18:02-07:00,5,Scam,"Revolut upgraded me to a Platinum/Gold plan and clearly offered two months of Premium completely free, with no charges mentioned. When I pressed “order card,” there was absolutely NO information shown about express delivery or any £17.99 fee.

After the free period ended, Revolut suddenly charged me £17.99. When I challenged this, they claimed it was for express delivery. This is outrageous and unacceptable, because at no point during the order process was I informed that I was choosing express delivery or that I would be charged £17.99 for it.

This is a hidden charge, and it feels like a deliberate scam. Taking money without clearly disclosing the cost upfront is misleading and dishonest. Customers should not be charged for something they never knowingly agreed to.",Masab1681,10.125,False,True,False,True,,scam,
13958732431,app_store,gb,2026-04-14T17:16:54-07:00,5,Mr,Revolut just make my crypto accessible in seconds,@akinjofficial,10.125,True,False,False,True,crypto,,
13958313387,app_store,gb,2026-04-14T14:09:54-07:00,5,Perfect,All ok perfect for Crypto and Stock :),Pawel Kolodziejczyk,10.125,True,False,False,True,crypto,,
13958304745,app_store,gb,2026-04-14T14:06:13-07:00,5,Perfect for travel,"I have used Revolut for years and never regretted it the customer service is excellent, I find the app so easy to use intact up to now I can’t find fault.",Landorhope,10.125,False,True,False,True,,customer service,
13958182215,app_store,gb,2026-04-14T13:15:09-07:00,4,Richard,Bit expensive to send crypto to my external wallet,Richiefx4,10.125,True,False,False,True,crypto,,
13958090277,app_store,gb,2026-04-14T12:39:25-07:00,5,Revolutionary!,"The best in crypto fiat exchange!
Travelling is now super simple !
So is banking Trading and shopping!
With inexpensive ways to save to transfer to shop! 
And free insurance etc etc!
What's not to love 
Love this bank !
Has everything at competitive prices and always help at hand!",P8ndor8,10.125,True,False,False,True,crypto,,
13957233652,app_store,gb,2026-04-14T07:37:07-07:00,5,It’s my favourite financial app service,"Great, love the crypto and investing integration . Good savings rates too!",jJay77888,10.124,True,False,False,True,crypto,,
13957215721,app_store,gb,2026-04-14T07:31:18-07:00,1,Scan,Got loads of money stolen from my account. Asked for help and nobody wound. They’d blame me and say I was the one making the transactions even tho the app itself was sending me alerts and notifications telling me they are declining a payment as it’s flagged as fraud. Mind you they declined the third transaction made on my card but not the first two. Never even got a notification that my card was being used at all. Never gave my money back and I closed my account instantly! They do not care to help you. They help the people who steal your heard earned money from you,CrystalCrimson,10.125,False,True,False,True,,closed my account; fraud,
13957179940,app_store,gb,2026-04-14T07:19:37-07:00,1,i got scam,"I had a very disappointing experience with the Revolut app and their customer support.

I was scammed and immediately contacted their support team, providing clear evidence and detailed information about the fraud and the scammer. I expected at least some level of investigation or protection as a customer, but I felt completely ignored. No real action was taken regarding my case.

Instead of helping me recover or block the fraudulent activity, I was left with no resolution. Even worse, I was then contacted about charges related to the money I had been scammed out of, which made the situation feel even more unfair and stressful.

As a customer, I trusted Revolut to provide support in situations like this, especially when fraud is involved. Unfortunately, my experience has made me lose confidence in their customer protection process.

I hope they improve how they handle scam reports and take stronger action to protect users in the future.",qqs 123,10.125,False,True,False,True,,customer support; fraud; fraudulent; scam; scammed; support team,
13957109726,app_store,gb,2026-04-14T06:56:44-07:00,5,Great account for everyday and saving,"Amazing account which I use for everyday spending, saving and currency exchange! 
I have recommended to all my family and friends and they also love it. 
I have to accounts for my children which are also free and easy to use. 
I also had an issue when buying something online and the bank flagged the transaction. Everything was sorted the same day and the money was back in my account.",Kaateee92,10.125,False,False,True,True,,,currency exchange
13956938863,app_store,gb,2026-04-14T05:59:50-07:00,1,Disappointed,"Sadly your promotion to get friends to open accounts with a promise of  £200is very misleading and deceptive as later the wording is “”Up To”!!!
disgusting management and customer service 🤬",Jimny C!,10.125,False,True,False,True,,customer service,
13956873707,app_store,gb,2026-04-14T05:37:14-07:00,5,App Chat ‘Customer Support’ - where!!,"The App itself is pretty good with lots of features such as instance card freeze/unfreeze.  Great.  
But if you cannot access your money then having great features counts for nothing. 
Customer Service is ONLY available via the Chat feature in the app. So if you want to sort anything out or complain, then hard luck. First time I used it it said we are very busy but will respond shortly. That was nearly two weeks ago.
Still waiting to talk or chat to anyone!
Still cannot access my money! 
My online community posting initially say ‘waiting to be moderated’, then they just seem to disappear. 
Love the idea of Revolut, but the implementation leaves a lot to be desired.",Brian_NB,10.125,False,True,False,True,,customer service; customer support,
13956242843,app_store,gb,2026-04-14T01:01:12-07:00,5,Good just one issue,"Really like Revolut, however apps such as Remitly and other stocks and shares venders don’t seem to like it. So I couldn’t completely move away from my high street bank. They are very good at reclaiming money",Guru_nanak,10.125,False,False,True,True,,,remitly
13956236319,app_store,gb,2026-04-14T00:57:41-07:00,5,Good financial app,"Probably the best bank for Curreny exchange as long as you don’t exchange on a weekend as you end up with a fee not very good with fraud claims, very little help or the ability of talk with customer support.",tomo1957,10.125,False,True,False,True,,customer support; fraud,
13955780818,app_store,gb,2026-04-13T20:53:48-07:00,1,Appalling service,"Unable to move BTC to external wallets. Punitive daily limits applied. You deal with chatbots, seemingly trained by Kafka. There suggested workarounds can cost thousands. Be careful when trading sudden peaks when you buys and troughs when you sell, always to your detriment, and not at the advertised rate. Very profitable company at the consumers expense.",imr4033,10.125,True,False,False,True,btc,,
13955579676,app_store,gb,2026-04-13T19:17:24-07:00,5,Great app for crypto to fiat. Good UX,Helps a lot with my day to day expense and crypto to fiat conversion.,owans94me,10.125,True,False,False,True,crypto,,
13955013227,app_store,gb,2026-04-13T15:06:24-07:00,5,Best app,I love it been so good and the customer service is top,Jaybond69,10.125,False,True,False,True,,customer service,
13954818726,app_store,gb,2026-04-13T13:42:57-07:00,5,The best,"Revolut is one of the best online banks available: fast, reliable, and incredibly intuitive. The app is smooth and powerful, with instant payments, real-time spending control, and seamless currency exchange. Everything works flawlessly. Modern banking done right. ⭐⭐⭐⭐⭐",Fr€nKy,10.125,False,False,True,True,,,currency exchange
13953933020,app_store,gb,2026-04-13T08:19:03-07:00,5,Brilliant,"Awesome banking app I have my savings, Crypto and spare change with Revolut. You can also use it for your investments it has it all.",Chuckz23,10.125,True,False,False,True,crypto,,
13953506197,app_store,gb,2026-04-13T05:58:41-07:00,5,Works a charm,"Everything from budget management, investing, easy payments, foreign currency exchange and spending while on holiday… honestly one of my favourite apps I use on a daily.",Blargitus,10.125,False,False,True,True,,,currency exchange
13953484804,app_store,gb,2026-04-13T05:51:11-07:00,5,Great!!,Great exchange rates and flexible!!,S33ntrino,10.125,False,False,True,True,,,exchange rates
13953125682,app_store,gb,2026-04-13T03:34:17-07:00,5,Crypto,"It’s nice to have crypto, normal cash spending money abroad everything in one place",CJmomin,10.125,True,False,False,True,crypto,,
13953083077,app_store,gb,2026-04-13T03:15:18-07:00,5,Love the app,Super easy for international payments and sending money to friends,ProductGirl92,10.125,False,False,True,True,,,international payments
13952862719,app_store,gb,2026-04-13T01:27:01-07:00,5,Reliability,I can buy crypto currency and is safe and secured.,NNAMDINHO1,10.124,True,False,False,True,crypto,,
13952599692,app_store,gb,2026-04-12T23:04:45-07:00,5,Crypto review,Excellent.,S10ner,10.124,True,False,False,True,crypto,,
13952553033,app_store,gb,2026-04-12T22:38:39-07:00,5,Best digital banking,"By far the most quick, easy, convenient digital banking app from all the major UK banks. International transfers quick, easy and cheaper than traditional high street banks. My favourite money app.",IstanbulRiyadhManchester,10.124,False,False,True,True,,,international transfers
13950538636,app_store,gb,2026-04-12T08:47:46-07:00,5,Recent transfer,"Greatest app ever , recent transfer form another provider Wise, best decision ever , thanks a lot",mik3yrock,10.124,False,False,True,True,,,wise
13949666716,app_store,gb,2026-04-12T03:51:22-07:00,4,Currency conversion,Works well but additional fees on weekends and limits on conversion per month,FilterInTurn,10.124,False,False,True,True,,,currency conversion
13949344691,app_store,gb,2026-04-12T01:27:56-07:00,5,Easy and good rewards,Revolut is so easy to use and especially abroad.  The rewards are good also used airport lounge access several times.  Customer service efficient and easier than trying to ring the big banks.,Sara Revolut,10.124,False,True,False,True,,customer service,
13947576611,app_store,gb,2026-04-11T12:31:04-07:00,5,Excellent customer service,Been using this bank for over four years now for my daily expenses and savings. Very good customer service. They can easily be reached through the app chat. Would recommend.,Liltendy,10.124,False,True,False,True,,customer service,
13960933628,app_store,ie,2026-04-15T09:06:20-07:00,5,The Best Bank in the World – Revolut Sets the Standard!,"I’ve been using Revolut for a while now, and honestly, it’s hands down the best bank in the world. The app is incredibly easy to use, everything is fast and intuitive, and I can manage all my finances in just a few taps.

What really stands out is how seamless international payments are—no hidden fees, great exchange rates, and instant transfers. It’s perfect for anyone living abroad or traveling frequently. The features are next level too, from budgeting tools to virtual cards and security controls that give total peace of mind.

Customer support has always been quick and helpful whenever I needed it, which is something a lot of traditional banks struggle with. Overall, Revolut completely changed the way I handle money, and I wouldn’t go back to a regular bank. Highly recommended!",@urbansign,10.125,False,True,True,True,,customer support,exchange rates; international payments; living abroad
13958427976,app_store,ie,2026-04-14T14:59:44-07:00,5,Super convenient and reliable,"I’ve been using Revolut for a while now and it honestly just makes life easier. The app is quick, super easy to use, and really helpful when traveling or sending money abroad. Definitely recommend it!",Anya Crave,10.125,False,False,True,True,,,sending money abroad
13954927960,app_store,ie,2026-04-13T14:29:10-07:00,5,Amazing!,"Easy to use. Recommended for managing finances such sending remittances, trading, loans, savings, etc.",Mhel04!,10.125,False,False,True,True,,,remittances
13949956101,app_store,ie,2026-04-12T05:42:49-07:00,5,Just a pleasant to use,"I’ve been using Revolut for a while, and it has truly made managing my finances much easier. The app is intuitive, fast, and packed with useful features. Currency exchange, budgeting tools, and instant notifications make everyday transactions seamless. Highly recommended for anyone looking for a reliable and modern financial app.",Abdulaziz alkhuraydili,10.124,False,False,True,True,,,currency exchange
13938670000,app_store,ie,2026-04-09T02:41:12-07:00,5,Revolut user,"Revolut has completely changed the way I manage my money. The app is fast, intuitive, and packed with useful features like budgeting, instant transfers, and multi-currency accounts. Perfect for living abroad. Highly recommended.",Andres Tecchioli,10.124,False,False,True,True,,,living abroad; multi-currency
13936924150,app_store,ie,2026-04-08T13:22:02-07:00,5,Daily use affording me connection & convenience,"Handy, swift, trustworthy, good customer support",Murphy folk,10.123,False,True,False,True,,customer support,
13933019100,app_store,ie,2026-04-07T11:02:34-07:00,1,Not a bank + fraudulent customer support,"All goes ok until you need them to solve a problem with your money. Revolut has absolutely assassinated customer service. It’s horrendous, scary and not acceptable the lack of training their staff have. Their average time to solve your issue is minimum 5 hours! There is no manager who deals with customers, so what their other staff do is keep transferring you to different departments since they don’t know how to deal with your query or problem, not to mention that their brains are incapable of thinking and problem-solving. A few months ago, I spent 3 following days, 5 to 6 hours on their chat on each day because they restricted my account, I couldn’t get paid and Revolut demanded from me to provide proof of documents that don’t exist. It’s absolutely horrendous a company like this to exist and be looking after anyone’s money. This is NOT a bank, it’s just a bunch of kids playing to be secretaries.",Minawc,10.124,False,True,False,True,,customer service; customer support; fraudulent; restricted,
13932624439,app_store,ie,2026-04-07T08:46:49-07:00,5,Still the best fintech bank,"I have tried Revolut, Wise, Banq and N26. Revolut is still up front, although support is slow. N26 is better if you don’t require multi currency transactions. I still use N26 for paying monthly bills as they offer pockets with individual IBAN numbers. Revolut for day to day transactions",EasyNoxxx,10.124,False,False,True,True,,,iban; multi currency; wise
13928555847,app_store,ie,2026-04-06T05:42:08-07:00,5,Olek,"Working perfectly, support team immediately responds and solves the problem and it is good that you can attach files like photos and documents when chatting with support team😀",OleksandrKey,10.119,False,True,False,True,,support team,
13924363648,app_store,ie,2026-04-05T00:52:36-07:00,4,Good app,"Handy, good app with plenty of quick and easy to use functions when it works. I use it on the regular. When you are having issues, it can be a problem with limited access to customer service however.",23499585,10.123,False,True,False,True,,customer service,
13915508296,app_store,ie,2026-04-02T13:35:02-07:00,5,Brilliant,Love revolut always so easy to make payments and transfer money! Find it extremely useful for exchanging money upon transfer to family members living abroad.,Applejack2026,10.124,False,False,True,True,,,living abroad
13913188119,app_store,ie,2026-04-01T22:53:49-07:00,5,Excellent banking facility,"Really love it and use many of the services including fx, investing and crypto. Super easy to use",Rockett No 1,10.123.1,True,False,False,True,crypto,,
13911663531,app_store,ie,2026-04-01T11:58:40-07:00,5,Only way I bank now,"Absolutely love this app, so easy to use, customer service is phenomenal. 10/10 service",Bradyeire,10.123,False,True,False,True,,customer service,
13910408490,app_store,ie,2026-04-01T05:14:42-07:00,5,Mr,"Revolut has been brilliant for everyday banking. The app is easy to use, transfers are fast, and it makes managing spending much simpler, especially for international payments and travel.",nimdiga,10.121,False,False,True,True,,,international payments
13908318720,app_store,ie,2026-03-31T14:19:35-07:00,5,Revolut Review,I am using Revolut for the last 3 years. It’s premium and next level plans are really awesome. I use RevolutX for my crypto trading.,Jeganathan M,10.123.1,True,False,False,True,crypto,,
13907797212,app_store,ie,2026-03-31T11:08:28-07:00,5,Customer service,"I have not experienced such a bad customer service. It takes ages, no phone number to call, chart service can help can not sort issue same minute, don’t know what they talking.
Customer service very very bad",g.arturas,10.123,False,True,False,True,,customer service,
13906695712,app_store,ie,2026-03-31T05:08:14-07:00,5,Fraud refund,Thank you so much for getting back my money that I was scammed out of this is why I only deal with revolut as my bank,Sange212,10.119,False,True,False,True,,fraud; scammed,
13906677390,app_store,ie,2026-03-31T05:01:52-07:00,5,Ease of use in managing your money,I have been using Revolut for a good number of years now and find it excellent for being able to make payments to friends and colleagues. It is much more flexible and easy to use than the applications provided by the Bank that I use. It is also excellent for managing cryptocurrencies.. It is widely accepted by people. It’s really very very good!,Helm master,10.123,True,False,False,True,cryptocurrencies,,
13906387934,app_store,ie,2026-03-31T03:07:47-07:00,5,Efficient and convenient,This is a must have facility. It is so convenient and provides a simple process for handling money in multiple currencies. Super for cost sharing and managing payments plus savings.,M herbert,10.123,False,False,True,True,,,multiple currencies
13900231265,app_store,ie,2026-03-29T08:17:32-07:00,5,⭐️⭐️⭐️⭐️⭐️ Revolut is a must-have for my business,"Revolut works incredibly well for my business—seamless international currency exchange, easy crypto access, and clean payment tracking all in one app.",DaftPlanet,10.123,True,False,True,True,crypto,,currency exchange
13895924512,app_store,ie,2026-03-28T04:52:41-07:00,5,Special,"Revolut is easy to use, rapid transfers and the best exchange rates. I’m very satisfied",ACartano,10.123,False,False,True,True,,,exchange rates
13892766091,app_store,ie,2026-03-27T07:34:56-07:00,5,Improving with each update,Sepa transfer now takes one day. Happy with that.,Lou@87,10.121,False,False,True,True,,,sepa
13889482565,app_store,ie,2026-03-26T09:16:56-07:00,5,Good experience,"Very easy to navigate, customer service is great and deposits and withdrawals are quick",BargeIRL,10.123,False,True,False,True,,customer service,
13885122565,app_store,ie,2026-03-25T04:46:48-07:00,5,Default payment app,I have been using Revolut since a few years now for both domestic and sometime international transfers. UI is a breeze and there are loads of investment options,MoAz86,10.123,False,False,True,True,,,international transfers
13883042754,app_store,ie,2026-03-24T12:55:24-07:00,1,Hidden Fees and Unresolved Support Issues,"I’ve been a Revolut customer for over 5 years, but this is the first time I’ve felt so disappointed. I was charged unexpected fees after a single €100 withdrawal in January. I understood there might be a fee for withdrawing cash on credit, but nowhere did Revolut show or explain how much interest would apply. Then came random charges of €6.80 in February and €9.24 in March with no clear reason.
When I contacted support, I got conflicting responses, one said I set up an instalment plan (I didn’t), another said I didn’t pay my statement (untrue, I have automatic payments). After several chats, no one could clearly explain the charges.
Revolut needs more transparency and reliable customer service. Taking money from long-time customers without clear justification is unacceptable.",Wcbelolli,10.122,False,True,False,True,,customer service,
13964164669,app_store,us,2026-04-16T07:56:30-07:00,1,Poor Customer Service and Fee Farming,"It took almost 5 business days for a simple bank transfer to deposit in the account and to get it “instantly” you are paying a ludicrous fee. Additionally, good luck if you ever have a dispute. Almost entirely a chatbot and all it does is point you to file a police report no matter how small the transaction is. There are far better options out there and I highly suggest an alternative.",Ex_Banker,10.125,False,True,False,True,,customer service,
13961741557,app_store,us,2026-04-15T14:04:40-07:00,5,Highly recommend Revolut.,"I’ve been using Revolut now for five years, I highly recommend it. It is an essential travel tool, with multi currencies, great exchange rates , more secure than my credit cards, easy to use, save, and send money to others across continents.",from grand cayman,10.125,False,False,True,True,,,exchange rates
13961677075,app_store,us,2026-04-15T13:37:28-07:00,1,Waste of time / dysfunctional app,"Knowing this company is crypto friendly, I figured I would give them a shot. I didn't realize how low quality the company is. Their app is complete trash. Why they force you to go through that to initially start your account, instead of allowing you to go through the website, is beyond me

He can only verify certain types of IDs. For anyone else that lives in Florida, don't waste your time. It can't verify a Florida ID. I wasted my time trying to submit mine and eight different freaking times. Every single time, it rejected it.

If they are going to require an ID like that, they should have all ideas from all states in their system!!! for them to not do so is not only extremely irresponsible, but also a real easy way to take off a potential customer and get a negative review like this. And I have seen multiple other people complain about it not being able to read their IDs, so I am sure it is not only Florida drivers licenses that they have issues with

In case that wasn't bad enough, I couldn't even log into my account normally, because despite the fact that I know very well exactly what password I put into their system, their system somehow took in the wrong password!!! I knew exactly what password I put in, but yet it would repeatedly tell me that it was the wrong password!!!  and their ""password Recovery"" is completely worthless as well

Their app is trash, it's sloppy, it's incomplete, and with all of that said, I would not trust this company at all whatsoever. They are clearly slopped together. Then to make it worse, their customer service is pretty much nonexistent, no fraud department, you are pretty much just left to fend for yourself when it comes to this account.

Find an alternative. This one isn't worth the hassle.",Ascendant ;),10.125,True,True,False,True,crypto,customer service; fraud,
13961334258,app_store,us,2026-04-15T11:27:33-07:00,5,Amazing,Highly reliable when it comes to sending international transfers fast. I also love the conversation rates and hassle free transactions,logicofwar,10.125,False,False,True,True,,,international transfers
13961128116,app_store,us,2026-04-15T10:14:00-07:00,5,Strongly recommend,"Amazing interface, easy to use and great customer service. Strongly recommend",Guillaume A.P.,10.125,False,True,False,True,,customer service,
13950670535,app_store,us,2026-04-12T09:29:35-07:00,5,Next-Gen Banking,"Revolut makes managing money super easy. Transfers are instant, exchange rates are great, and I can keep all my currencies in one place. The app looks great, runs fast, and the budgeting tools are super handy.

I use it every day — honestly can’t imagine going back to a regular bank.",TheRomero,10.124,False,False,True,True,,,exchange rates
13946794980,app_store,us,2026-04-11T08:12:25-07:00,5,Easy to use,I love Revolut for how easy it is to make transfer and use for international payments while traveling. Great bank!,Axelle P.,10.124,False,False,True,True,,,international payments
13944099840,app_store,us,2026-04-10T13:46:03-07:00,4,Great for traveling,"I have been using Revolut for a few years, I have the metal plan. It’s great because I get the beat rates for currency exchange just pulling money from foreign ATMs. 

Only down side is the limited flexibility for withdraws. You are limited to $4000 in 24 hour transactions. To get a increase to make big purchases isn’t guaranteed and takes time for them to approve it if they do. 

Other than that I have no issues. Get my paycheck early and easy transition country to country.",DQC07,10.124,False,False,True,True,,,currency exchange
13943535454,app_store,us,2026-04-10T10:16:05-07:00,5,Revolut,Wonderful app with so many great features.  multiple currencies.,black terrible,10.124,False,False,True,True,,,multiple currencies
13943482586,app_store,us,2026-04-10T09:58:08-07:00,5,Nice !,"I have been using Revolut for several months now.  It takes a little while to get use to the app and how things work, specially when working with international transfers and money conversions.
But now that I understand how to use the app, I really like it.  I use the app quite often now and will be changing my work direct deposit soon as well.
I initially signed up for the free account and recently upgraded to the Metal account, which has a fee but in my case works for me.
I’d recommend it to people who manage US dollars and international money, it works great to have all the features in one single app.

Thanks Revolut! 👍🏻",Jayster69,10.124,False,False,True,True,,,international transfers
13932791838,app_store,us,2026-04-07T09:43:01-07:00,1,Worst bank on planet- even not a bank.,"Revolut made many features working smooth and fast. Before they start the verification of any operation, even if you bought bottle of water. They  block almost all function and you start to wait days and weeks with no possibility to contact anybody from the bank. NEVER USE THIS BANK SERIOUSLY",Dmitry Solopov,10.124,False,True,False,True,,verification,
13918690748,app_store,us,2026-04-03T10:42:24-07:00,1,"No tech, and no service in this “fintech”","This is embarrassing. I’ve wasted an entire day in “24/7 support” because your system refuses to verify my SSN, despite me entering it correctly ten times. Your agents even had the audacity to suggest I was the one entering it incorrectly - on top of the fact that your app demanded I upload my passport for the fifth time today.

Instead of help, or escalation because of a obvious technical glitch, I got Patriot Act legalese and a ""too bad."" No escalation and zero respect for my time.

Meanwhile, I opened a Wise account in five minutes with zero drama. Treating customers like incompetent idiots who can’t type their own SSN is a bad look. This level of arrogance is why people are leaving, and I sincerely hope you lose the competitive struggle to companies that actually value their users.",Serge Che,10.124,False,False,True,True,,,wise
13918597870,app_store,us,2026-04-03T10:11:54-07:00,5,The best,The best! Better than Wise,djsjajsjxjx,10.124,False,False,True,True,,,wise
13918155972,app_store,us,2026-04-03T07:56:57-07:00,5,Best banking app,"Let’s transact with Revolut because it’s very easy, user friendly and best exchange rates. 
I’ll rate you even if there exists billion stars!",Gkaramo,10.124,False,False,True,True,,,exchange rates
13916025380,app_store,us,2026-04-02T17:15:40-07:00,5,Excellent app and service,"So glad I found this service, I can transfer easily from my UK account to US account with no Problems, also gives me the best exchange rates than anywhere",Excellent App and banking,10.124,False,False,True,True,,,exchange rates
13915071343,app_store,us,2026-04-02T10:51:40-07:00,4,Minor fixes,"Customer service needs to be improved more, Great app overall!!",bakare45,10.124,False,True,False,True,,customer service,
13913094625,app_store,us,2026-04-01T22:06:12-07:00,5,Makes Expat banking easy,Easy use for my US banking account to my EU account. Definitely makes my living abroad experience much better.,chado68,10.123,False,False,True,True,,,expat; living abroad
13911993760,app_store,us,2026-04-01T14:04:32-07:00,4,"Banking yes, insurance no","Love Revolut as a bank, spending, saving, investing and all of that good stuff, yes. But the XCover insurance not so much. Customer service ain’t it and after sending a claim a month ago, still notting.",N.19.0,10.123,False,True,False,True,,customer service,
13910488273,app_store,us,2026-04-01T05:40:41-07:00,5,Reliable,No problems with this FinTech company so far. Easy to manage and feeless unless you upgrade. International Banking options work simply and transparently. Only thing I would like improved is chargeback process. Lots of fraud these days and Revolut is kinda slow to respond and address comparatively other financial institutions.,MiyaMcKinley,10.123.1,False,True,False,True,,fraud,
13910336723,app_store,us,2026-04-01T04:50:29-07:00,5,The answer if you have complex needs,"Revolut facilitates management of funds when you have a need to regularly transfer funds between currencies, at minimal cost.  Being confident that this will be done at the best possible exchange rate no matter the sum saves so much time and worry when compared to the alternatives.",stanleystorey,10.123.1,False,False,True,True,,,exchange rate
13910225475,app_store,us,2026-04-01T04:10:48-07:00,5,Simply the best,"Years ahead of it competition, a real bank of the future. Zero hidden fees, almost zero fees in general, best exchange rates on the planet, practical, intelligent, versatile, fast. It’s the bank of the future, but it’s here now.",Sebastiano,10.123,False,False,True,True,,,exchange rates
13909210425,app_store,us,2026-03-31T20:23:15-07:00,5,works great,I’m using Revolut for US and International transfers and save money with it.,Ailingen,10.123,False,False,True,True,,,international transfers
13908315779,app_store,us,2026-03-31T14:18:24-07:00,5,Best app,"I’ve tried wise, Xoom and bank transfers .  For transfers and exchanges it really makes a difference, where I save hundreds more by using Revolut. revolut is by far easier to use.",Holiday55,10.123,False,False,True,True,,,wise
13906157252,app_store,us,2026-03-31T01:16:36-07:00,5,Great solution for International spending,"I have found this the best option for budgeting, making international transfers and also having a family account. With pockets we are able to give kids their own cards and budgets and do the same for ourselves. This scenario has been so helpful to our financial planning. We also use the crypto options and the option to invest the rounding up of purchases. 5 stars!",sunintuscany,10.110.1,True,False,True,True,crypto,,international transfers
13905964890,app_store,us,2026-03-30T23:37:24-07:00,5,Great for digital nomads,"I tried wise a long time ago, it was a headache. Revolut works for me. Easy to use, works well.",Grateful Happy Fan,10.123.1,False,False,True,True,,,wise
13905158612,app_store,us,2026-03-30T17:10:58-07:00,1,Terrible service and customer support,I opened an account to make living abroad more convenient being able to use money in the local currency. First week of receiving a revolut card under the metal plan which was $150. I added money via Apple Pay a few times during the week not exceeding $250 USD. And was informed I reached my weekly limit. Customer service are all AI bots that give inconsistent information. It’s been over a week and still can’t add funds. AI bots mentioned the weekly limit block should be up but still isn’t and for security reasons they say they can’t share the reason and to just continue trying. I’m also unable to add funds via debit card and have to wait several days for a bank transfer to add funds which is really inconvenient. Really disappointed and regret opening an account. I don’t recommend.,MeMyselfandJai,10.123.1,False,True,True,True,,customer service; customer support,living abroad
13905040759,app_store,us,2026-03-30T16:19:32-07:00,5,Scam,We received a Credit card we didn’t apply for no way to contact.,Dispatch Tech,10.123.1,False,True,False,True,,scam,
13892361570,app_store,us,2026-03-27T05:23:21-07:00,5,Good,I love it for the international transfers an the fact that it works everywhere,O.o.-.,10.123,False,False,True,True,,,international transfers
13888277749,app_store,us,2026-03-26T02:07:40-07:00,5,Best bank ever,"I have never been so excited and happy with such bank , it provides me with all you need, transfer money, exchange, Visa cards, online payments, assets, stocks, crypto, lowest fares, eSims, lounge services, access to applications, insurance and compensations, and many many other things 
I can’t even imagine my life with Revolut 
Thanks Revolut, keep evolving",Dr. Mazen D,10.123,True,False,False,True,crypto,,
13887380277,app_store,us,2026-03-25T18:40:37-07:00,5,Customer Service?  Flaccid and impotent!,"I only regret that I am unable to give negative stars.  Account was locked, could not add, remove, linked cards or bank accounts.  No explanation as to why, only we are diligently working on restoring your account, we have no further information, we are sorry for your inconvenience, blaa, blaa, blaa.  Now, this is is all through their chat.  You can never actually speak with anyone.  Even a formal complaint sent via email was answered with “How is this chat we’ll handled?”  
That. Speaks. Volumes.  
Avoid!",ibYnot,10.123,False,True,False,True,,customer service; locked,
13884218626,app_store,us,2026-03-24T21:18:49-07:00,5,Best bank app !!!,"Revolut is by far the most convenient banking app I’ve used. Instant notifications, great exchange rates, and easy international transfers make managing my money simple and stress-free. The interface is clear and modern, and new features like analytics and virtual cards make it feel more like a smart financial assistant than just a bank.",VOLKODAV123631,10.122,False,False,True,True,,,exchange rates; international transfers
13884151024,app_store,us,2026-03-24T20:43:53-07:00,5,Seamless fix for a cross border lifestyle,"I recently moved overseas and so am constantly sending money all over the damn place (p2p, bill pay, a2a etc). Very grateful to the product team at Revolut for making the financial services part of the transition a little easier.",carthurgal,10.121,False,False,True,True,,,cross border
13882751632,app_store,us,2026-03-24T11:07:07-07:00,1,Lack of support when fraud occurred,I would like to submit feedback because I am shocked to see how Revolut is handling the case of my mother who was victim of fraud. She created a new account with a new bank to avoid being victim of fraud again… but Revolut refuses to send the remaining of her funds to her new personal account leaving her with little resources to live at 73 years old.,Jade Delevaux,10.122,False,True,False,True,,fraud,
13876410177,app_store,us,2026-03-22T13:59:48-07:00,5,It is fast,"No fees. Good exchange rates.
e-transfer work just fast.",Fooddy in Rio,10.121,False,False,True,True,,,exchange rates
13871286772,app_store,us,2026-03-21T05:12:09-07:00,5,Best online bank I’ve tried so far,"From regular bank stuff, investments, CFDs and crypto through airport lounge access, all the way to very good insurance - this has it all.",lupo.sk,10.121,True,False,False,True,crypto,,
13865559273,app_store,us,2026-03-19T12:33:54-07:00,5,Banking Freedom,"Revolut gave me banking freedom that my local bank couldn’t offer, let me explain. Freedom to send my son money to pay for groceries while he was in line to pay. Freedom to use an ATM when out of my home country. Freedom to invest in stocks and crypto. Freedom to easily save up to pay for bills and big purchases. Total banking freedom at my fingertips on a mobile app that is easy to use.",Stu4454,10.121,True,False,False,True,crypto,,
13862819237,app_store,us,2026-03-18T17:24:57-07:00,5,The Only Financial Product for Expats,I have lived abroad for a decade and tried so many financial products to make my finances easier as I earn in USD but spend in other currencies. Over the years I have had to use multiple products just to get quick and easy access to my money. But Revolut has really taken servicing travelers their specialty. I never ever have any problem with any transfer of any kind to most currencies and they have nice and on feature that help me keep track of my finances. I have also made use of their investment tools which are easy to use and intuitive. I can honestly say I have been more happy with them than any other traditional banking solution. 🫡,TheRealAdventureAddict,10.119,False,False,True,True,,,expats
13857386101,app_store,us,2026-03-17T05:03:20-07:00,5,Easy to use and easy to track,"No comment is necessary. 
Dependable and essential.
No, actually, I was upset when I learned I couldn’t deposit cash in my account. On second thought, I realized that they could probably figure a way to do it, but in terms of governance and compliance with AML it makes sense. Clients they could’ve have gotten will not be banking with them. That  puts them back at the top of the list.",Divikon,10.119,False,True,False,True,,aml,
13857100586,app_store,us,2026-03-17T02:59:41-07:00,5,Modern Banking,"Reliable, user friendly and great customer support.",Bita Tebaa,10.119,False,True,False,True,,customer support,
13853390029,app_store,us,2026-03-16T00:15:08-07:00,5,"Great, but give me EU IBAN and direct debit",Get on par with Wise and provide EU IBAN for international customers,atikinnn,10.119,False,False,True,True,,,iban; wise
13846420459,app_store,us,2026-03-14T01:23:45-07:00,1,Biometrics Scam,Requires biometric data up-front without forewarning after already taking other personal information and holds your account hostage until you take a selfie. I choose to DELETE instead. Creepy overreach.,Franz Schneider,10.119,False,True,False,True,,scam,
13835013918,app_store,us,2026-03-10T16:09:14-07:00,5,The right way,Customer service is extraordinary good at what they do.  If they are not sure they make sure they get an answer & stay right with you until anything is taken care of .,ReVieW4U*,10.119,False,True,False,True,,customer service,
13834117407,app_store,us,2026-03-10T10:11:23-07:00,1,Will not verify,"This app is total junk, they wouldn’t verify perfectly correct information, its system is so bad not even their customer service can override it when they are proven wrong. Its all AI and good luck trusting these bots with your money",Kackle999,10.119,False,True,False,True,,customer service,
13833609496,app_store,us,2026-03-10T07:11:18-07:00,5,Modern Banking created Modern Needs!,"Great app, services created outside the banking box. Great customer service and low fees. Easy setup, easy security options, easy international transactions, easy alt coin trading, currency conversion.  It’s a dream bank!",suzieverona,10.119,False,True,True,True,,customer service,currency conversion
13827648927,app_store,us,2026-03-08T11:25:59-07:00,5,International Transfers,Super easy and fast,BJB11,10.116,False,False,True,True,,,international transfers
13826559587,app_store,us,2026-03-08T05:13:09-07:00,5,The future of banking is here.,"I’ve been banking for decades, and nothing has come close to what Revolut delivers. 
From the moment you open the app, you realise you’re in the future. Instant spending notifications, multi- currency accounts and real-time currency exchange at interbank rates. Budgeting breakdowns, stock trading, crypto, savings vaults and business accounts — all in one impossibly sleek interface.",M.O. & X.V.,10.116,True,False,True,True,crypto,,currency exchange
13819821074,app_store,us,2026-03-06T06:44:20-07:00,5,Muito melhor que a Wise,Muito melhor que a wise,Christyndas,10.119,False,False,True,True,,,wise
13811444922,app_store,us,2026-03-03T18:41:08-07:00,5,So user friendly,They just getting better and better.  ease and functionality is excellent. customer service is the best.,Bluesky travel,10.116,False,True,False,True,,customer service,
13807622712,app_store,us,2026-03-02T16:15:00-07:00,1,Plays the rules to its maximum to take the most from you,When you subscribe anything within the app they make it really difficult/borderline illegal to cancel. They have an automated customer service that doesn’t understand your case. If you have factual information against what the bot is saying it just continues insisting without offering a way of solving your issue.,Antoniom_bandeira,10.119,False,True,False,True,,customer service,
13807197548,app_store,us,2026-03-02T13:18:16-07:00,1,Beware!,"These people are inept and incompetent. If you use the app you only will run into a bunch of problems… I was trying to transfer more money to my Revolut account from the same bank account that I used before, but got restricted for no obvious reason and they want me to verify something by providing some document. I don’t know what kind, since it supposed to show the exact amount that I am trying to transfer. I mean - total nonsense… 
Additionally, there is no way to contact them - no contact form, no phone number, no email…
So, my advice is - stay away from this institution. Not worth the trouble.",Ares381,10.119,False,True,False,True,,restricted,
13800574599,app_store,us,2026-02-28T17:35:50-07:00,5,Excellent Banking Experience!,"I’ve been using revolut for over a year so far, The app is incredibly user friendly packed with useful features and makes banking seamless.
-Sending and receive money is very quick and easy
-the analytics and separating the account balance that includes goals helps me organize my funds and budget easily.
-the disposable cards help me avoid giving unnecessary information to sketchy sites.
-I haven’t gone overseas yet but you can quickly, and easily exchange currency with great exchange rates through the app.
-getting instant transaction notification gives me a peace of mind.

Revolut is miles ahead of traditional brick and mortar banks when it comes to their banking app.",hamguy,10.116,False,False,True,True,,,exchange rates
13797947976,app_store,us,2026-02-28T01:48:31-07:00,1,Unreliable and Arbitrary,"Attempted a transfer to my wife. Submitted requested documents. Submitted more documents. Then — account closed. No explanation, no real support, only automated messages telling me to withdraw funds.

This is not banking. This is risk exposure for customers.

Avoid if you value financial security.",Petr Kovalenko,10.116,False,True,False,True,,account closed,
13797796715,app_store,us,2026-02-28T00:41:26-07:00,1,Closure of Account,"I’d give this app a 0 stars if I could,you guys closed my account because of verification issue and not actually looking into it,I tried the appeal and still was denied and was set for closure.Do not go with this app.What a joke.",issues with at&t,10.116,False,True,False,True,,closed my account; verification,
13793275327,app_store,us,2026-02-26T18:12:41-07:00,5,Love it!,"Easy to use, cross border and crypto friendly",Kjakman,10.116,True,False,True,True,crypto,,cross border
13791324801,app_store,us,2026-02-26T06:03:55-07:00,1,Horrible Customer service,"Unfortunately, the customer service is horrible. You have to wait so long for updates. Then they reply with whatever, but not the right answer.",Delacruz02,10.116,False,True,False,True,,customer service,
13789406285,app_store,us,2026-02-25T16:28:25-07:00,1,My experience with Revolut support:,"My experience with Revolut support:
My account was closed previously due to opening multiple accounts in the past, and I tried to contact support to explain my situation and request a chance to have one single personal account.
The first support agent I spoke with was Sahibzada, who promised to get back to me within 10–15 minutes, but I waited about 30 minutes and received no response.
Then another agent, Kevin, contacted me. I sent him a brief summary of my issue, but he also did not respond after several minutes.

Result: I did not receive any solution to my problem, and my time was wasted.
Unfortunately, I felt that the service was poor and ineffective, and my request was not handled professionally.",fathi.51,10.116,False,True,False,True,,no response,
13785303820,app_store,us,2026-02-24T13:33:11-07:00,5,Amazing customer support,Most banking apps be having slow / useless customer support. But on revolut they always instantly help me with anything. Really fast support and they actually listen to you.,Kamal178,10.116,False,True,False,True,,customer support,
13784740555,app_store,us,2026-02-24T09:55:20-07:00,1,I wouldn’t recommend this app,"So I had recently moved to the uk for the military and this was the first app I had bought to transfer my us dollars to pounds. I needed a car badly and had put about 4000 dollars in which was about 2900 pounds. I had then bought the car for around less than 2000 pounds and this app took a extra 500 - 600 dollars away from me just for making the transaction, which I was hoping to pocket as I had just arrived here. Use wise instead because this app is a joke",matttmatty,10.116,False,False,True,True,,,wise
13782084207,app_store,us,2026-02-23T15:22:41-07:00,5,The best World Traveler banking app,I love how easier it is to move and flow with this app and the customer service is easy to contact and they handle things nicely.,Authentic Lourdes,10.116,False,True,False,True,,customer service,
13763772436,app_store,us,2026-02-18T12:31:02-07:00,1,They store ur data after closing account!,"This app is very difficult to navigate, and send/receive money. I closed my account, but the worst part is they store your data even when/after you close your account…what is up with that?! Wish I could give Negative Stars!!!",AlabamaGirl711,10.116,False,True,False,True,,closed my account,
13755683641,app_store,us,2026-02-16T06:49:18-07:00,5,"Great app, easy currency exchange and transfers","Works great, app is user-friendly and well organized. Fees for international transfers are reasonable and you get $1000 of free currency exchanges per month with the free plan. Works great for what I need it for with minimal fees. Paid plans are also available with many additional benefits.",dforvendetta,10.116,False,False,True,True,,,currency exchange; international transfers
13754940741,app_store,us,2026-02-16T02:18:20-07:00,1,"Seems like a great app, useless customer service.","My account was closed midway through creation by some technical glitch and I’ve gotten to see firsthand how poor the customer support experience is trying to fix it.

Customer reps have taken me through the same scripted steps over nearly a dozen emails. If you don’t respond fast enough it gets passed to another rep with no prior history and the process starts over again.

It seems like a fine service and I’d love to use it but should anything go wrong you’re very much on your own.",ItsNevin,10.116,False,True,False,True,,customer service; customer support,
13754927990,app_store,us,2026-02-16T02:12:29-07:00,5,Advice,"Use stablecoins. Money goes from you to recipient, that's it. no third party like revolut. instant transactions, no middleman delaying or limiting your funds and charging you a fee for it.. get USDS or USDC in a self-custodial wallet",Jackbe Nambull,10.116,True,False,False,True,stablecoins; usdc,,
13742741491,app_store,us,2026-02-12T15:38:21-07:00,1,Scam,"The company is NOT worth it. Stay away, run and NEVER put your money in this account EVER!",Josephsucksass,10.116,False,True,False,True,,scam,
13740359106,app_store,us,2026-02-12T00:16:30-07:00,5,Great App,Excellent and easy. Great FX rates,dream nelly,10.116,False,False,True,True,,,fx rates
13735026379,app_store,us,2026-02-10T11:07:24-07:00,1,Use Wise,"Countless emails being advertised as instant. It is everything but… tried to transfer money which took five days just to be cancelled. And when asked why, they cannot say.",bdb819,10.116,False,False,True,True,,,wise
13734084174,app_store,us,2026-02-10T05:49:59-07:00,1,HORRIBLE CUSTOMER SERVICE,There is no access to any really non AI AUTOMATED help. Theres no. Number to call to request assistance just BS,Snub fix,10.116,False,True,False,True,,customer service,
13724753008,app_store,us,2026-02-07T15:16:17-07:00,5,Actually one of the greatest banking app I used,Just when we buy crypto the fee is way to high maybe not invest here,YSIB_,10.114,True,False,False,True,crypto,,
13963506507,app_store,de,2026-04-16T04:11:01-07:00,5,Reliable Fast and Customer Friendly Banking,have been using Revolut for a while and I am really impressed. It is a very reliable bank. My money is always safe and I never have to worry about unexpected charges. Transfers and transactions are fast and they rarely charge fees which makes banking stress free. The only small downside is that international transfers can sometimes be a bit costly but overall Revolut provides excellent service and peace of mind. I highly recommend it.,Toinij,10.125,False,False,True,True,,,international transfers
13963039735,app_store,de,2026-04-16T00:23:13-07:00,5,Top - Lieblings-App,"Beste App. Gute Übersicht und die Pockets sind super zum organisieren der Budgets. Zudem Echtzeitüberweisung als Standard.

Deutsche IBAN kam zuletzt dazu, was das Ganze noch vertrauenswürdiger macht!

Bin sehr zufrieden und kann es uneingeschränkt weiterempfehlen !",Rizio88,10.125,False,False,True,True,,,iban
13959977885,app_store,de,2026-04-15T03:33:07-07:00,1,Notifications,I unsubscribed from all push notifications and I still keep getting notifications about crypto. So annoying,Fitimfejzullahu,10.125,True,False,False,True,crypto,,
13959937195,app_store,de,2026-04-15T03:15:18-07:00,4,Good service,"I like Revolut for its good service. However, I have not given five star rating because of higher charge in international transfers compared to other agents. If they sort it out it will be a five star facility.",Arindam337,10.125,False,False,True,True,,,international transfers
13959780481,app_store,de,2026-04-15T01:59:46-07:00,1,Größter Müll ever !!!,"Ich habe mir die App heruntergeladen, weil ich dachte, dass sie sehr vertrauenswürdig ist. Ich habe zwei Konzertkarten gekauft, und die Verkäuferin wollte, dass ich über Revolut bezahle. Das habe ich dann auch gemacht – leider war es ein Scam.
Daraufhin habe ich sofort Revolut kontaktiert, einen Fall eröffnet und nachgefragt, ob man die Zahlung nachverfolgen und mir das Geld zurückerstatten kann. Nach drei Wochen Bearbeitungszeit hieß es jedoch, dass sie nichts für mich tun können. Revolut konnte die 260 € nicht vom anderen Konto zurückholen. Nie wieder.",Selwtaaaa,10.125,False,True,False,True,,scam,
13950280570,app_store,de,2026-04-12T07:28:05-07:00,1,No back button during verification process,"Worst UX, where if you want to verify and you see what “other” options you have, you can no longer go back to verify with a bank, you can only proceed with passport as the “other” option. It’s a terrible experience since I very much would like to verify with my bank and not speak to an agent. Do better guys, rather not using the app because of this.",Torewolf,10.124,False,True,False,True,,verification,
13949162986,app_store,de,2026-04-12T00:04:09-07:00,5,So muss Banking sein,"So stelle ich mir Banking im Jahre 2025 vor. Alles just in time, Support mit AI 😍😍 Moderne App. Ist jetzt mein Hauptkonto, mit DE IBAN unschlagbar.",claasroe,10.124,False,False,True,True,,,iban
13945871794,app_store,de,2026-04-11T02:52:57-07:00,5,Strongly recommended!,"Very user friendly, functional, versatile, several options, prompt and great customer service.",MarcioDejaVu,10.124,False,True,False,True,,customer service,
13942223304,app_store,de,2026-04-10T02:45:27-07:00,3,Tolle Plattform - für größere Beträge nur erschwert nutzbar,"Für kleine Beträge (bis ca 20t€) sehr nett. 
Wenn man größere Beträge bewegt, kommt als erstes die Compliance Nachfrage nach der Herkunft der Gelder - gut, habe ich Verständnis für. Wenn ich dann z.B. 100t€ auf mein Brokerdepot nach Singapur überweise kommt eine automatisierte Betrugswarnung und ich muss ca. 20x versichern, dass ich ""weiß, was ich tue"". Zeitaufwand: 10 min. Ok. Dann wurde ich vom Service kontakiert und musste nochmals gefühlt die gleichen Fragen beantworten, screenshots meines Depot hochladen, Versicherungen über meine Erfahrungen im Investmentbereich abgeben (Zeitaufwand: eine Sunde +). Am störensten habe ich empfunden, dass ich immer wieder das Gleiche gefragt wurde - wie in einem schlechten Krimi. Erst meine Drohung, die Geschäftsverbindung zu beenden führte schließlich zur Ausführung der Überweisung (die zugegebenermaßen dann enorm schnell und sehr günstig war). 
Eine neue Überweisung an den gleichen Zahlungsempfänger führte wieder zu der automatisierten Betrugswarnung mit den 20 Antworten. Allerdings hatte der Service dazugelehrt - nach einer einzigen Versicherung, dass die Überweisung mein freier Wille ist und einer Unterschrift wurde mit der Ausführung begonnen (wieder enorm schnell & günstig). 
Es ergibt sich also in meinem usecase ein gemischtes Bild: Insgesamt finde ich Revolut sehr gut & innovativ und kann es sehr empfehlen - mit der Einschränkung, dass das Handling von größeren Summen eine wahre Geduldsprobe darstellt. Das klappt mit Wise wesentlich besser.",AGFB68,10.124,False,False,True,True,,,wise
13939989249,app_store,de,2026-04-09T10:14:08-07:00,1,The bank can not resolve the technical problem for more than 1 month,"In beginning of March, I lost access to using cryptocurrency because my information was under the check. Apparently, nothing was wrong with it — some technical problem appeared. After one month, nothing was solved — supports just repeated words „soon“, „priority“ and „I am sorry“. In the end, apparently, the technical team „solved“ the bug but some clients (like unlucky me) still faced the same problem. No one reached me one and no one checked if my account is not affected till I wrote to the support one more time. I can not even transfer my funds back — fully locked. 

I am a political refugee and work for the state — but maybe bank think that I am a danger for them or not important.",kkk2014,10.124,True,True,False,True,cryptocurrency,locked,
13939971964,app_store,de,2026-04-09T10:08:14-07:00,4,Good UX awesome app design,"Holy cow this is the best banking app I have seen so far ❤️
Bitcoin transactions are way to expensive (-1 Star ⭐).",Inpendere,10.124,True,False,False,True,bitcoin,,
13939731123,app_store,de,2026-04-09T08:49:13-07:00,5,Funktioniert super,"Erstellen und Benutzung von Kreditkarten funktioniert super einfach. Außerdem hat Revolut erkannt, als ich meine Daten ausversehen auf einer Scam-Seite eingeben habe und mich vor meiner eigenen Dummheit beschützt. Sehr zu empfehlen.",DieOnti,10.124,False,True,False,True,,scam,
13939585171,app_store,de,2026-04-09T08:02:48-07:00,4,Bisher sehr zufrieden,"Der Kundenservice bei Revolut ist zuverlässig und schnell. Ich bekomme den Eindruck, dass etwaige Probleme ernst genommen werden. Die deutsche IBAN ist super! Wenn Revolut diese Eigenschaften beibehält (Professionalität und Kundenfreundlichkeit) sowie auch eine 24-stündige Erreichbarkeit für Notfälle, ist Revolut für mich DIE Bank. Vielen Dank bisher für die Bemühungen Ihrer Mitarbeiter.",Viktoria Jäger,10.124,False,False,True,True,,,iban
13936755138,app_store,de,2026-04-08T12:17:14-07:00,1,Customer service,Terrible customer service as long as there is no issue all fine as soon as there is it is a nightmare,djdjdj1773!4.8,10.124,False,True,False,True,,customer service,
13935960493,app_store,de,2026-04-08T07:44:54-07:00,5,"Modern, Easy and Reliable","Easy to use worldwide, transparency and easy access to everything. Investments (crypto, shares) savings, daily usage. Great app!",AakashBhhatia,10.124,True,False,False,True,crypto,,
13935483177,app_store,de,2026-04-08T05:09:14-07:00,5,Revolut,"Da ich zu meinem Sparkassen Konto nur eine Girocard habe, die in physischen Läden zwar sehr gut funktioniert aber beim Onlineshopping per Apple Pay manchmal Probleme bereitet hat, war ich auf der Suche nach einer Lösung und bin auf Revolut gestoßen. Nun habe ich eine virtuelle Visa Debitkarte mit einer deutschen IBAN, die überall beim Onlineshopping/Apple Pay als Joker genutzt werden kann, wo die Girocard vorher versagt hat. Zusätzlich gibt es die Möglichkeit mit einer Einmalkarte zu bezahlen, wenn man einem Händler nicht traut oder man sonstige Bedenken hat. Da ich dieses Konto immer per Sofortüberweisung mit dem benötigten Betrag auflade (Dauer ca. 30 Sekunden) und die blaue Karte ansonsten eingefroren bei 0,00 € habe ist das die perfekte Lösung für mich.",Leno404,10.124,False,False,True,True,,,iban
13964647759,app_store,fr,2026-04-16T10:44:44-07:00,5,Simply fascinating,"I adore the application and the bank. You can do so many things in the app (including buying and transferring BTC, transferring to a credit card number, etc etc) that you can’t even imagine. Fascinating experience!",biveselov,10.125,True,False,False,True,btc,,
13963132016,app_store,fr,2026-04-16T01:13:10-07:00,5,Future is here,"Smart, innovative, easy to trade, good software to crypto plateform, professional administrative support and services, intelligent apps artistically designed, we are in another level of the banking plateform.
Thank you to exist and being with me since these 4 years, i will always trust you",Valps54,10.125,True,False,False,True,crypto,,
13961073701,app_store,fr,2026-04-15T09:54:50-07:00,5,Au top,Crypto/euro parfait,Kzcrypto,10.125,True,False,False,True,crypto,,
13959842311,app_store,fr,2026-04-15T02:30:44-07:00,5,Le parrainage est un vol,Bonne application mais le parrainage est un scandale et il manque une API bourse et bitcoin !,Nanoboz0,10.125,True,False,False,True,bitcoin,,
13959431526,app_store,fr,2026-04-14T22:54:22-07:00,5,Application Indispensable,"Efficace rapidité information en tant réel pas de bug, simplicité 
Ergonomique, larges choix d’investissement Crypto, actions ETF Devises",I-bal,10.125,True,False,False,True,crypto,,
13953592358,app_store,fr,2026-04-13T06:27:44-07:00,5,Tout en un 24/7,"J’utilise Rovolut depuis leurs débuts (compte en Lituanie 😅)! Au début c’était juste pour un usage à l’étranger, pour éviter de me faire voler ma CB principale.
Mais avec la simplicité et la puissance de l’application petit à petit j’ai basculé vers un usage plus intensif.
Aujourd’hui entre compte courant, actions, etf, crypto j’ai énormément de chose sur Revolut.
Ce qui m’a donné confiance ? Un voyage à la montagne pour le ski qui s’est très mal passé et j’ai été choqué de la réactivité du service client. Remboursement intégral en même pas 8h… 
Depuis l’application s’est énormément amélioré et c’est presque un kiff de la parcourir.",AbdelCkd,10.125,True,False,False,True,crypto,,
13952758129,app_store,fr,2026-04-13T00:31:56-07:00,5,Incontournable,"J’utilise Revolut depuis 2020, je me sens en sécurité avec cette banque et tu as vraiment l’impression d’être maître de ton argent, tu peux investir en crypto, ETF, bourse et épargner avec de bons taux d’intérêt.

Le système des revpoints est super ainsi que la e-sim, le système de réservation pour des séjours dans le pays où tu vas est très bien.

J’ai l’abonnement métal et j’ai une carte très sympathique plaqué or 24 carats (mon petit plaisir)",Havreciel,10.125,True,False,False,True,crypto,,
13952687660,app_store,fr,2026-04-12T23:53:27-07:00,5,Y’a pas mieux,"J’utilise Revolut depuis quelques années maintenant, cette néo banque m’a accompagné lors de mes 2 tours du monde et dans mon quotidien assez dépensier et je n’ai jamais été déçu , cette banque est également mon courtier par défaut pour mes investissements en bourse (encore un poil trop de frais pour investir en crypto) leurs interfaces est la plus simple tout courtier confondue, ils innovent sans cesse, je me sens en confiance avec eux, je recommande fortement !",lilho93150,10.124,True,False,False,True,crypto,,
13952335323,app_store,fr,2026-04-12T20:40:52-07:00,5,love  this bank,"excellent, efficient and reasonable Revolut has transformed the way i manage my cash and above all international transfers",WAHJAMES4,10.124,False,False,True,True,,,international transfers
13959733632,app_store,es,2026-04-15T01:35:33-07:00,5,Banking made easy,Simply the best and most user friendly banking alternative especially if you’re dealing with multiple currencies/countries.,Mangealebo,10.125,False,False,True,True,,,multiple currencies
13954722160,app_store,es,2026-04-13T13:04:02-07:00,5,Best exchange rates anywhere anytime,Very practical you can exchange currencies at best rates at anytime with current value changing immediately with markets,1000tino,10.125,False,False,True,True,,,exchange rates
13952909375,app_store,es,2026-04-13T01:51:08-07:00,5,The best neobank,"First time writing a review into the appstore. Just because the application deserves that. I tried different banks, like wise and n26 and none of them could offer so high quality support that would HELP you, not just listen. Besides that, super intuitive application. It’s free(0 comissions), best exchange rates and high speed transactions to any other bank. Literally the best bank ever",aroundsider,10.125,False,False,True,True,,,exchange rates; wise
13946649850,app_store,es,2026-04-11T07:29:04-07:00,5,Fantastic,So happy with Revolut. Everything is easy on the app and the Customer Service is excellent. Well done Revolut,Javea Lady,10.124,False,True,False,True,,customer service,
13942384800,app_store,es,2026-04-10T03:54:52-07:00,5,Excellent,Easy to use. Good exchange rates.,Marie Mu Fi,10.124,False,False,True,True,,,exchange rates
13928942177,app_store,es,2026-04-06T07:48:24-07:00,3,Muy facil de usar! Pero..,Estaría bien que te dejara tener mas de una cuenta con iban,surokan,10.124,False,False,True,True,,,iban
13961322655,app_store,nl,2026-04-15T11:23:21-07:00,5,"Smooth, Fast, and Packed with Features","Very user-friendly app with lots of great features. The exchange rates are excellent, and everything works incredibly fast.",ivahmad,10.125,False,False,True,True,,,exchange rates
13939920274,app_store,nl,2026-04-09T09:50:44-07:00,5,Beste bank ever!,Super handig voor crypto,BTC smart money,10.124,True,False,False,True,crypto,,
13938863319,app_store,nl,2026-04-09T04:01:56-07:00,4,Efficiency is key 🔑,Revolut makes international transactions extremely easy. The app is also very easy to use and if you have any questions the AI Bot for customer service works great! Definitely recommend :),뽀잉~~~,10.124,False,True,False,True,,customer service,
13932051101,app_store,nl,2026-04-07T05:39:01-07:00,4,"Excellent, with room to improve","I have used a Revolut for about a year now, and it is by far the easiest, most robust and pleasurable e-banking app to use out of Lydia, Bunq, SG, Wise and Boursorama. The interface is clear, and the app is responsive. However, there are a few points that should be improved:
- Adding money to Vaults is not counted as an actual transaction, and so are not currently counted in the budget despite being labelled as such. This seems like an easy fix. 
- It is not possible to categorise transaction granularly. Example: a payment at a store where some of the items would be in one category and others would be in another can not be split as such. Only one category is possible, it would be great to be able to assign amounts to within a single transaction. 
- Related in this is the ability to assign a certain portion of a transaction to a category and exclude the rest. 
- References are not including when exporting statements. 

Cheers for the great service! Long live Revolut 🤗",mutik67,10.124,False,False,True,True,,,wise
13923565550,app_store,nl,2026-04-04T18:41:26-07:00,5,Great app!,Been using revolut now for a little while. It was easy to setup and get an account. I like that I have the option to use stocks or crypto if I want to. There are however some things I would like to get rid off like some of the advertisements or messages. Other than that love it!,Ayarjoy,10.123,True,False,False,True,crypto,,
13922067353,app_store,nl,2026-04-04T08:58:44-07:00,5,Really good app,It’s my fav banking app their customer service is quick and I just absolutely love it I highly recommend it they got so many options to choose from,gwnrbn,10.123,False,True,False,True,,customer service,
13907864533,app_store,nl,2026-03-31T11:31:26-07:00,5,Een geweldige bank MET crypto😍,Erg tevreden 😊,arnoud 060875,10.123.1,True,False,False,True,crypto,,
13906999929,app_store,nl,2026-03-31T06:49:26-07:00,5,Great banking app,"Very happy with it, especially the multiple currencies accounts and transfers.",oanher,10.123.1,False,False,True,True,,,multiple currencies
13899432765,app_store,nl,2026-03-29T03:46:37-07:00,3,"Nice, but unreliable","I have this account as payment account, but I wouldn’t have it as my main account. It works well, but it is sometimes unreliable because transfers to your Revolut account can take very long to arrive. This should not be an issue for European transfers in 2026. A very nice feature is to be able to have multiple currencies and use them in other countries.",Vavavhd,10.123,False,False,True,True,,,multiple currencies
13899045357,app_store,nl,2026-03-29T00:48:56-07:00,5,Facilitate African fraud,"I visited east Africa. At an ATM i tried to deduct some money. It failed, no money, but the service fee was still deducted. Revolut refused to solve the situation, declined my claw back form and after refused to be transparent about who its competent regulator is. Better dont open account at this “bank”.",JoostPH,10.123,False,True,False,True,,fraud,
13894233445,app_store,nl,2026-03-27T16:21:40-07:00,5,Revolut Bank the game changer in online banking.,"I like Revolut bank because Revolut for me isn’t just a place I send and receive money. Revolut is an all in one combo for sending money, receiving money, making payments for online shopping and groceries shopping and to crown it all making money through stocks and crypto investments.",Chuks4rmNetherlands,10.123,True,False,False,True,crypto,,
13887551814,app_store,nl,2026-03-25T19:55:41-07:00,5,Nederlandse banken houden crypto investeringen tegen!,Revolut was geloof ik de enige optie als in NL wonend persoon,I Kuyp I,10.123,True,False,False,True,crypto,,
13886577043,app_store,nl,2026-03-25T13:10:32-07:00,5,Super App,Great app for daily use and domestic and international transfers. I will not mention about other features.,Wojtas15,10.123,False,False,True,True,,,international transfers
13884961048,app_store,nl,2026-03-25T03:42:03-07:00,5,International excellence,The dynamic nature of travel demands and multi currency complexity is solved by revolut. eSIMs are a special add on as is accommodation support.,Russell mobile.,10.123,False,False,True,True,,,multi currency
13862488042,app_store,nl,2026-03-18T15:04:08-07:00,5,Beste bank,Fijn dat je euro om kan wisselen naar andere kredieten en crypto kan gebruiken,LITL.43,10.119,True,False,False,True,crypto,,
13862216952,app_store,nl,2026-03-18T13:12:58-07:00,5,Great app,"App is setting a new standard for banking. Some stuff can be difficult to find, like international transfer fees. Or transferring money which is designed as a chat which takes some getting used to but works great. In the end it works all super smoothly and you don’t need to worry about any of the issues classic banks have.",Paaj_39,10.119,False,False,True,True,,,international transfer
13854260861,app_store,nl,2026-03-16T06:46:52-07:00,5,"Great features, great support","Great bank with innovative features (I’d like to highlight the ability to create multiple virtual debit cards and “one time use” disposable cards). Customer service via live chat is working fine. There doing their best for quick responses, although sometimes you might have to wait for an hour or so. No big deal.",thijsvanwoudenberg,10.119,False,True,False,True,,customer service,
13853835023,app_store,nl,2026-03-16T04:08:21-07:00,5,Fijne app met veel mogelijkheden!,"Banking, crypto, sparen alles in 1 app met veel extraatjes!",Meijer82,10.119,True,False,False,True,crypto,,
13853759534,app_store,nl,2026-03-16T03:33:59-07:00,5,Works fantastically well,"I’ve been using Revolut for about 6 months now, and it’s been great. Many options, like SEPA Instant Transfers and being able to book a hotel instantly all within the app makes it a truly fantastic experience.",—MV—,10.119,False,False,True,True,,,sepa
13842724221,app_store,nl,2026-03-12T23:33:44-07:00,5,Account locked / Questions ate ignored,Account locked 2 month ago. Any information when will be unlocked. Support is ignoring questions. Acting in such way to Clients looks like a fraud.,vlad.82.82.82,10.119,False,True,False,True,,fraud; locked,
13842656525,app_store,nl,2026-03-12T22:54:00-07:00,5,Betrouwbaar,Ik gebruik Revolut al 6 jaar toen ze nog geen NL IBAN hadden. Ik regel al mijn bankzaken via Revolut en het gaat nog steeds heel goed!  Vooral heel handig wanneer je op reis gaat en makkelijk geld kan omwisselen naar een andere valuta zonder extra kosten. Gebruiksvriendelijk en heel handig! Ik raad het iedereen aan!,Thes_Themmy,10.119,False,False,True,True,,,iban
13830947565,app_store,nl,2026-03-09T11:09:29-07:00,5,Simply the best.,Simply the best in resolving disputes and fraud prevention . Much better than traditional banks.,Luckmoney1,10.119,False,True,False,True,,fraud,
13815381242,app_store,nl,2026-03-04T23:18:18-07:00,3,"Good, but no creditcard",The lack of a proper Credit Card in The Netherlands gets to be annoying. Revolut acquired its Dutch savings guarantee in 2023 already. So what is keeping them from offering this basic banking service? Customer service has no response to this. I cannot rent a car in The Netherlands without a basic Credit Card! Dutch law doesn’t allow this.,ESAD-Sandstorm,10.119,False,True,False,True,,customer service; no response,
13808632556,app_store,nl,2026-03-03T00:04:56-07:00,5,Easy to use for having family abroad,Easy to use and great for multi currency transfers have family in 3/4 countries and transfer happen super quick.,Boomzn1985,10.116,False,False,True,True,,,multi currency
13800369289,app_store,nl,2026-02-28T16:12:47-07:00,1,Account closing,"They closed my account without an reason. I got an mail, saying that my account will be deactivated in a month. i did nothing wrong. i used revolut as my main bank account and they just delete it for no reason. now i habe to seek for alternatives. thanks revolut✌️ (this will happen to you too so watch out!!!!)",Emir Çimen,10.116,False,True,False,True,,closed my account,
13794189935,app_store,nl,2026-02-27T01:19:14-07:00,5,Good Exchange rates,To send money back home it works perfectly!!!,MarceCastri,10.116,False,False,True,True,,,exchange rates
13788942038,app_store,nl,2026-02-25T13:22:33-07:00,5,Fast and functional,By far the best banking app I’ve ever seen. Their Metal plan includes such advanced AI customer support that it honestly blows my mind. An example for banks worldwide. Been telling all my Mexican friends about it now that they’re starting there too.,Youandih,10.116,False,True,False,True,,customer support,
13964818862,app_store,it,2026-04-16T11:48:47-07:00,5,The best online bank,The best thing I like about Revolut is It’s incredible customer service.,Siavashazrati,10.125,False,True,False,True,,customer service,
13964702475,app_store,it,2026-04-16T11:05:12-07:00,5,Super,"Veloce e sicuro, consiglio vivamente. Sono passate da banche che contano al conto Revolut e ne sono sempre più entusiasta. Peccato che é diventato un iban IT.",Angela Spavone,10.125,False,False,True,True,,,iban
13961243528,app_store,it,2026-04-15T10:55:18-07:00,5,International transfers,Without fee and instant transfer,Ahmadisra,10.125,False,False,True,True,,,international transfers
13959431043,app_store,it,2026-04-14T22:54:07-07:00,5,FANTASTICA,"Non solo sa di può usare per tenere conto delle spese, per ricevere stipendi o per risparmiare, ma si può da essa anche richiedere prestiti e investire in crypto e altri titoli",Giona_venier,10.125,True,False,False,True,crypto,,
13952431923,app_store,it,2026-04-12T21:32:18-07:00,2,not a serious bank anymore,"First ages were ok-ish (in terms of app, not banking services) so that I decided to switch a Metal plan. Then first they started removing free ATMs access (there is always a commission even they say no). Then they downgraded the travel insurances, and made usage of them impossible. The last week I sent 1500€ to my primary bank account (same name) and I got the account blocked for 3 days for AML. Now I got an eSIM with 10GB traffic, that they disabled just after the ""trial"" period of 500MB (they disabled it just after hitting 510mb).
There is NO WAY to talk with humans or any system capable of understand problems and solve them - that also mean that aside legal ways - you have no way to get your money back if something fails. Never deposit serious amount of money here. They chatbot is completely embarrassing and is also very offensive in answering",fabio.mm,10.124,False,True,False,True,,account blocked; aml,
13945814702,app_store,it,2026-04-11T02:27:44-07:00,5,Banca 5 Stelle,"Interfaccia utente semplice e accattivante, spese fisse molto basse, iban italiano e una infinità di servizi fruibili.
Cosa desiderare di più da una banca ? 
Unico neo per gli investitori è la mancanza del regime amministrato ma sono sicuro che verrà introdotto da Revolut in tempi brevi.",leonardo bi,10.124,False,False,True,True,,,iban
13940818836,app_store,it,2026-04-09T15:34:07-07:00,5,Top,N.1 anche se  aggiungerei la possibilità di tenere sotto controllo le crypto che interessano senza dover necessariamente acquistare subito,Daniele Coletta,10.124,True,False,False,True,crypto,,
13940570052,app_store,it,2026-04-09T13:48:59-07:00,5,Swift and convenience,"Local and International transfers are quick, easy, secure and affordable",Odisitse,10.124,False,False,True,True,,,international transfers
13939534021,app_store,it,2026-04-09T07:46:40-07:00,5,Eccezionale,"Migliore app bancaria di sempre. Transazioni sicure e velocissime, bonifici e ricariche istantanee. E con iban italiano.. Meglio di qualsiasi altra banca fisica avuta.
Il top",sam2424h24,10.124,False,False,True,True,,,iban
